Lot,F1234
Wafer,1
Date,20260324
Time,03:49:44
ProgramName,AAAAAA_DR8wKGD
TesterName,hcp-02
Product,AAAAAAX
Facility,WTK
operator,oooooo
Test,DR8wKGD
design_id,maskset_id,lot_id,wafer_id,reticle_id_x,reticle_id_y,device,timestamp_measurement,trigger_time,station,analysis_timestamp,chip_row,chip_column,Rt1,Rt2,Rt3,Rt4,Rt5,Rt6,Rt7,Rt8,Rb1,Rb2,Rb3,Rb4,Rb5,Rb6,Rb7,Rb8,P_total_max,P_total_min,Rshort,all_heater_R_min,all_heater_R_max,loopback_ref_power_dBm,IL_1x4_mzm1,ER_1x4_mzm1,Ppi_1x4_mzm1,IL_1x4_mzm2,ER_1x4_mzm2,Ppi_1x4_mzm2,IL_1x4_mzm3,ER_1x4_mzm3,Ppi_1x4_mzm3,IL_1x4_mzm4,ER_1x4_mzm4,Ppi_1x4_mzm4,IL_1x4_mzm5,ER_1x4_mzm5,Ppi_1x4_mzm5,IL_1x4_mzm6,ER_1x4_mzm6,Ppi_1x4_mzm6,IL_1x4_mzm7,ER_1x4_mzm7,Ppi_1x4_mzm7,IL_1x4_mzm8,ER_1x4_mzm8,Ppi_1x4_mzm8,IL_1x8_mzm1,ER_1x8_mzm1,Ppi_1x8_mzm1,IL_1x8_mzm2,ER_1x8_mzm2,Ppi_1x8_mzm2,IL_1x8_mzm3,ER_1x8_mzm3,Ppi_1x8_mzm3,IL_1x8_mzm4,ER_1x8_mzm4,Ppi_1x8_mzm4,IL_1x8_mzm5,ER_1x8_mzm5,Ppi_1x8_mzm5,IL_1x8_mzm6,ER_1x8_mzm6,Ppi_1x8_mzm6,IL_1x8_mzm7,ER_1x8_mzm7,Ppi_1x8_mzm7,IL_1x8_mzm8,ER_1x8_mzm8,Ppi_1x8_mzm8,all_IL_1x4,all_IL_1x8,all_ER,all_Ppi,IL_mpd_mzm1_comp,ER_mpd_mzm1_comp,IL_mpd_mzm1_thru,ER_mpd_mzm1_thru,IL_mpd_mzm2_comp,ER_mpd_mzm2_comp,IL_mpd_mzm2_thru,ER_mpd_mzm2_thru,IL_mpd_mzm3_comp,ER_mpd_mzm3_comp,IL_mpd_mzm3_thru,ER_mpd_mzm3_thru,IL_mpd_mzm4_comp,ER_mpd_mzm4_comp,IL_mpd_mzm4_thru,ER_mpd_mzm4_thru,IL_mpd_mzm5_comp,ER_mpd_mzm5_comp,IL_mpd_mzm5_thru,ER_mpd_mzm5_thru,IL_mpd_mzm6_comp,ER_mpd_mzm6_comp,IL_mpd_mzm6_thru,ER_mpd_mzm6_thru,IL_mpd_mzm7_comp,ER_mpd_mzm7_comp,IL_mpd_mzm7_thru,ER_mpd_mzm7_thru,IL_mpd_mzm8_comp,ER_mpd_mzm8_comp,IL_mpd_mzm8_thru,ER_mpd_mzm8_thru,IL_mpd_in_1x4_5to8,IL_mpd_in_1x4_1to4,all_IL_mpd,all_ER_mpd,bin
AAAAAA,AAAAAAX,F1234,1,4,2,xxxxxx_doe3_1,2026-03-24 03:51:15.452712+00:00,51:14.4,hcp-02,2026/3/24 11:51,4,8,150.7614926,151.402658,153.0920138,153.0731475,154.9863623,154.8903464,154.094423,153.0788903,158.9036569,156.5305546,153.5462392,152.6373818,150.3342471,149.4972311,149.7981745,149.1882692,577.9303865,284.9974081,0.568881263,149.5083198,158.1641171,1.312636257,17.1068461,33.88990913,28.96621774,17.33366431,32.96593682,28.64880664,17.44660307,29.11970864,28.16092713,17.05442158,29.14243465,27.03603759,12.74180124,32.20429299,27.79442586,12.32132487,32.28720749,28.03612325,12.51383947,29.427135,28.43299539,12.65790537,32.34791144,28.07444725,16.74303827,31.09976204,27.26725464,16.69243991,31.2651823,27.25340208,17.79983039,32.84472109,28.52034987,17.97877488,31.17046392,27.02979162,17.21341608,31.84011266,28.07358105,17.27412215,29.65771879,28.96200307,17.29147997,31.45921406,28.94786101,17.25288347,31.30538192,28.95817446,17.1672729,17.0068644,29.49684652,28.42550519,40.08120039,16.98778365,40.57676685,15.29319819,40.37437178,19.33631625,40.54944822,19.71329839,39.37195837,19.67340198,40.60357522,19.70927719,40.49006823,19.29153298,40.3232329,19.24138529,35.33453655,17.39458224,35.33679443,18.82011278,35.44117683,19.51733021,35.21857859,19.86700532,36.26406823,18.12838693,36.67235747,19.57054905,35.72710099,19.95443458,37.41110945,18.50971404,37.80525807,42.15981518,42.50897725,15.05117739,2
AAAAAA,AAAAAAX,F1234,1,4,2,xxxxxx_doe3_2,2026-03-24 03:51:45.780671+00:00,51:44.7,hcp-02,2026/3/24 11:51,5,8,150.7614926,151.402658,153.0920138,153.0731475,154.9863623,154.8903464,154.094423,153.0788903,158.9036569,156.5305546,153.5462392,152.6373818,150.3342471,149.4972311,149.7981745,149.1882692,577.9303865,284.9974081,0.954597922,149.0744853,158.6543242,1.312636257,17.1068461,33.88990913,28.96621774,17.33366431,32.96593682,28.64880664,17.44660307,29.11970864,28.16092713,17.05442158,29.14243465,27.03603759,12.74180124,32.20429299,27.79442586,12.32132487,32.28720749,28.03612325,12.51383947,29.427135,28.43299539,12.65790537,32.34791144,28.07444725,16.74303827,31.09976204,27.26725464,16.69243991,31.2651823,27.25340208,17.79983039,32.84472109,28.52034987,17.97877488,31.17046392,27.02979162,17.21341608,31.84011266,28.07358105,17.27412215,29.65771879,28.96200307,17.29147997,31.45921406,28.94786101,17.25288347,31.30538192,28.95817446,17.1672729,17.0068644,29.49684652,28.42550519,40.08120039,16.98778365,40.57676685,15.29319819,40.37437178,19.33631625,40.54944822,19.71329839,39.37195837,19.67340198,40.60357522,19.70927719,40.49006823,19.29153298,40.3232329,19.24138529,35.33453655,17.39458224,35.33679443,18.82011278,35.44117683,19.51733021,35.21857859,19.86700532,36.26406823,18.12838693,36.67235747,19.57054905,35.72710099,19.95443458,37.41110945,18.50971404,37.80525807,42.15981518,42.50897725,15.05117739,2
AAAAAA,AAAAAAX,F1234,1,4,2,xxxxxx_doe3_3,2026-03-24 03:51:50.956015+00:00,51:50.0,hcp-02,2026/3/24 11:51,6,8,150.7614926,151.402658,153.0920138,153.0731475,154.9863623,154.8903464,154.094423,153.0788903,158.9036569,156.5305546,153.5462392,152.6373818,150.3342471,149.4972311,149.7981745,149.1882692,577.9303865,284.9974081,0.98315046,148.0897244,157.5464948,1.312636257,17.1068461,33.88990913,28.96621774,17.33366431,32.96593682,28.64880664,17.44660307,29.11970864,28.16092713,17.05442158,29.14243465,27.03603759,12.74180124,32.20429299,27.79442586,12.32132487,32.28720749,28.03612325,12.51383947,29.427135,28.43299539,12.65790537,32.34791144,28.07444725,16.74303827,31.09976204,27.26725464,16.69243991,31.2651823,27.25340208,17.79983039,32.84472109,28.52034987,17.97877488,31.17046392,27.02979162,17.21341608,31.84011266,28.07358105,17.27412215,29.65771879,28.96200307,17.29147997,31.45921406,28.94786101,17.25288347,31.30538192,28.95817446,17.1672729,17.0068644,29.49684652,28.42550519,40.08120039,16.98778365,40.57676685,15.29319819,40.37437178,19.33631625,40.54944822,19.71329839,39.37195837,19.67340198,40.60357522,19.70927719,40.49006823,19.29153298,40.3232329,19.24138529,35.33453655,17.39458224,35.33679443,18.82011278,35.44117683,19.51733021,35.21857859,19.86700532,36.26406823,18.12838693,36.67235747,19.57054905,35.72710099,19.95443458,37.41110945,18.50971404,37.80525807,42.15981518,42.50897725,15.05117739,2
AAAAAA,AAAAAAX,F1234,1,4,2,xxxxxx_1_olm_1,2026-03-24 03:51:56.918835+00:00,51:55.8,hcp-02,2026/3/24 11:51,4,7,150.7614926,151.402658,153.0920138,153.0731475,154.9863623,154.8903464,154.094423,153.0788903,158.9036569,156.5305546,153.5462392,152.6373818,150.3342471,149.4972311,149.7981745,149.1882692,577.9303865,284.9974081,0.318174684,150.9174879,159.9321968,1.312636257,17.1068461,33.88990913,28.96621774,17.33366431,32.96593682,28.64880664,17.44660307,29.11970864,28.16092713,17.05442158,29.14243465,27.03603759,12.74180124,32.20429299,27.79442586,12.32132487,32.28720749,28.03612325,12.51383947,29.427135,28.43299539,12.65790537,32.34791144,28.07444725,16.74303827,31.09976204,27.26725464,16.69243991,31.2651823,27.25340208,17.79983039,32.84472109,28.52034987,17.97877488,31.17046392,27.02979162,17.21341608,31.84011266,28.07358105,17.27412215,29.65771879,28.96200307,17.29147997,31.45921406,28.94786101,17.25288347,31.30538192,28.95817446,17.1672729,17.0068644,29.49684652,28.42550519,40.08120039,16.98778365,40.57676685,15.29319819,40.37437178,19.33631625,40.54944822,19.71329839,39.37195837,19.67340198,40.60357522,19.70927719,40.49006823,19.29153298,40.3232329,19.24138529,35.33453655,17.39458224,35.33679443,18.82011278,35.44117683,19.51733021,35.21857859,19.86700532,36.26406823,18.12838693,36.67235747,19.57054905,35.72710099,19.95443458,37.41110945,18.50971404,37.80525807,42.15981518,42.50897725,15.05117739,2
AAAAAA,AAAAAAX,F1234,1,4,2,xxxxxx_1_olm_2,2026-03-24 03:52:02.970789+00:00,52:01.9,hcp-02,2026/3/24 11:52,5,7,150.7614926,151.402658,153.0920138,153.0731475,154.9863623,154.8903464,154.094423,153.0788903,158.9036569,156.5305546,153.5462392,152.6373818,150.3342471,149.4972311,149.7981745,149.1882692,577.9303865,284.9974081,0.055547393,150.8038315,158.458825,1.312636257,17.1068461,33.88990913,28.96621774,17.33366431,32.96593682,28.64880664,17.44660307,29.11970864,28.16092713,17.05442158,29.14243465,27.03603759,12.74180124,32.20429299,27.79442586,12.32132487,32.28720749,28.03612325,12.51383947,29.427135,28.43299539,12.65790537,32.34791144,28.07444725,16.74303827,31.09976204,27.26725464,16.69243991,31.2651823,27.25340208,17.79983039,32.84472109,28.52034987,17.97877488,31.17046392,27.02979162,17.21341608,31.84011266,28.07358105,17.27412215,29.65771879,28.96200307,17.29147997,31.45921406,28.94786101,17.25288347,31.30538192,28.95817446,17.1672729,17.0068644,29.49684652,28.42550519,40.08120039,16.98778365,40.57676685,15.29319819,40.37437178,19.33631625,40.54944822,19.71329839,39.37195837,19.67340198,40.60357522,19.70927719,40.49006823,19.29153298,40.3232329,19.24138529,35.33453655,17.39458224,35.33679443,18.82011278,35.44117683,19.51733021,35.21857859,19.86700532,36.26406823,18.12838693,36.67235747,19.57054905,35.72710099,19.95443458,37.41110945,18.50971404,37.80525807,42.15981518,42.50897725,15.05117739,2
AAAAAA,AAAAAAX,F1234,1,4,2,xxxxxx_1_olm_3,2026-03-24 03:52:08.656120+00:00,52:07.5,hcp-02,2026/3/24 11:52,6,7,150.7614926,151.402658,153.0920138,153.0731475,154.9863623,154.8903464,154.094423,153.0788903,158.9036569,156.5305546,153.5462392,152.6373818,150.3342471,149.4972311,149.7981745,149.1882692,577.9303865,284.9974081,0.994922971,148.1315512,156.6057788,1.312636257,17.1068461,33.88990913,28.96621774,17.33366431,32.96593682,28.64880664,17.44660307,29.11970864,28.16092713,17.05442158,29.14243465,27.03603759,12.74180124,32.20429299,27.79442586,12.32132487,32.28720749,28.03612325,12.51383947,29.427135,28.43299539,12.65790537,32.34791144,28.07444725,16.74303827,31.09976204,27.26725464,16.69243991,31.2651823,27.25340208,17.79983039,32.84472109,28.52034987,17.97877488,31.17046392,27.02979162,17.21341608,31.84011266,28.07358105,17.27412215,29.65771879,28.96200307,17.29147997,31.45921406,28.94786101,17.25288347,31.30538192,28.95817446,17.1672729,17.0068644,29.49684652,28.42550519,40.08120039,16.98778365,40.57676685,15.29319819,40.37437178,19.33631625,40.54944822,19.71329839,39.37195837,19.67340198,40.60357522,19.70927719,40.49006823,19.29153298,40.3232329,19.24138529,35.33453655,17.39458224,35.33679443,18.82011278,35.44117683,19.51733021,35.21857859,19.86700532,36.26406823,18.12838693,36.67235747,19.57054905,35.72710099,19.95443458,37.41110945,18.50971404,37.80525807,42.15981518,42.50897725,15.05117739,1
AAAAAA,AAAAAAX,F1234,1,5,2,xxxxxx_doe3_1,2026-03-24 03:52:26.033289+00:00,52:25.0,hcp-02,2026/3/24 11:52,4,10,150.7614926,151.402658,153.0920138,153.0731475,154.9863623,154.8903464,154.094423,153.0788903,158.9036569,156.5305546,153.5462392,152.6373818,150.3342471,149.4972311,149.7981745,149.1882692,577.9303865,284.9974081,0.090925791,149.3060422,158.9127885,1.312636257,17.1068461,33.88990913,28.96621774,17.33366431,32.96593682,28.64880664,17.44660307,29.11970864,28.16092713,17.05442158,29.14243465,27.03603759,12.74180124,32.20429299,27.79442586,12.32132487,32.28720749,28.03612325,12.51383947,29.427135,28.43299539,12.65790537,32.34791144,28.07444725,16.74303827,31.09976204,27.26725464,16.69243991,31.2651823,27.25340208,17.79983039,32.84472109,28.52034987,17.97877488,31.17046392,27.02979162,17.21341608,31.84011266,28.07358105,17.27412215,29.65771879,28.96200307,17.29147997,31.45921406,28.94786101,17.25288347,31.30538192,28.95817446,17.1672729,17.0068644,29.49684652,28.42550519,40.08120039,16.98778365,40.57676685,15.29319819,40.37437178,19.33631625,40.54944822,19.71329839,39.37195837,19.67340198,40.60357522,19.70927719,40.49006823,19.29153298,40.3232329,19.24138529,35.33453655,17.39458224,35.33679443,18.82011278,35.44117683,19.51733021,35.21857859,19.86700532,36.26406823,18.12838693,36.67235747,19.57054905,35.72710099,19.95443458,37.41110945,18.50971404,37.80525807,42.15981518,42.50897725,15.05117739,2
AAAAAA,AAAAAAX,F1234,1,5,2,xxxxxx_doe3_2,2026-03-24 03:52:32.380184+00:00,52:31.3,hcp-02,2026/3/24 11:52,5,10,150.7614926,151.402658,153.0920138,153.0731475,154.9863623,154.8903464,154.094423,153.0788903,158.9036569,156.5305546,153.5462392,152.6373818,150.3342471,149.4972311,149.7981745,149.1882692,577.9303865,284.9974081,0.411437784,149.7437595,158.6923968,1.312636257,17.1068461,33.88990913,28.96621774,17.33366431,32.96593682,28.64880664,17.44660307,29.11970864,28.16092713,17.05442158,29.14243465,27.03603759,12.74180124,32.20429299,27.79442586,12.32132487,32.28720749,28.03612325,12.51383947,29.427135,28.43299539,12.65790537,32.34791144,28.07444725,16.74303827,31.09976204,27.26725464,16.69243991,31.2651823,27.25340208,17.79983039,32.84472109,28.52034987,17.97877488,31.17046392,27.02979162,17.21341608,31.84011266,28.07358105,17.27412215,29.65771879,28.96200307,17.29147997,31.45921406,28.94786101,17.25288347,31.30538192,28.95817446,17.1672729,17.0068644,29.49684652,28.42550519,40.08120039,16.98778365,40.57676685,15.29319819,40.37437178,19.33631625,40.54944822,19.71329839,39.37195837,19.67340198,40.60357522,19.70927719,40.49006823,19.29153298,40.3232329,19.24138529,35.33453655,17.39458224,35.33679443,18.82011278,35.44117683,19.51733021,35.21857859,19.86700532,36.26406823,18.12838693,36.67235747,19.57054905,35.72710099,19.95443458,37.41110945,18.50971404,37.80525807,42.15981518,42.50897725,15.05117739,2
AAAAAA,AAAAAAX,F1234,1,5,2,xxxxxx_doe3_3,2026-03-24 03:52:38.065838+00:00,52:37.0,hcp-02,2026/3/24 11:52,6,10,150.7614926,151.402658,153.0920138,153.0731475,154.9863623,154.8903464,154.094423,153.0788903,158.9036569,156.5305546,153.5462392,152.6373818,150.3342471,149.4972311,149.7981745,149.1882692,577.9303865,284.9974081,0.880588877,148.3742418,157.8933383,1.312636257,17.1068461,33.88990913,28.96621774,17.33366431,32.96593682,28.64880664,17.44660307,29.11970864,28.16092713,17.05442158,29.14243465,27.03603759,12.74180124,32.20429299,27.79442586,12.32132487,32.28720749,28.03612325,12.51383947,29.427135,28.43299539,12.65790537,32.34791144,28.07444725,16.74303827,31.09976204,27.26725464,16.69243991,31.2651823,27.25340208,17.79983039,32.84472109,28.52034987,17.97877488,31.17046392,27.02979162,17.21341608,31.84011266,28.07358105,17.27412215,29.65771879,28.96200307,17.29147997,31.45921406,28.94786101,17.25288347,31.30538192,28.95817446,17.1672729,17.0068644,29.49684652,28.42550519,40.08120039,16.98778365,40.57676685,15.29319819,40.37437178,19.33631625,40.54944822,19.71329839,39.37195837,19.67340198,40.60357522,19.70927719,40.49006823,19.29153298,40.3232329,19.24138529,35.33453655,17.39458224,35.33679443,18.82011278,35.44117683,19.51733021,35.21857859,19.86700532,36.26406823,18.12838693,36.67235747,19.57054905,35.72710099,19.95443458,37.41110945,18.50971404,37.80525807,42.15981518,42.50897725,15.05117739,2
AAAAAA,AAAAAAX,F1234,1,5,2,xxxxxx_1_olm_1,2026-03-24 03:52:44.086707+00:00,52:42.9,hcp-02,2026/3/24 11:52,4,9,150.7614926,151.402658,153.0920138,153.0731475,154.9863623,154.8903464,154.094423,153.0788903,158.9036569,156.5305546,153.5462392,152.6373818,150.3342471,149.4972311,149.7981745,149.1882692,577.9303865,284.9974081,0.576258211,149.5906822,158.4114749,1.312636257,17.1068461,33.88990913,28.96621774,17.33366431,32.96593682,28.64880664,17.44660307,29.11970864,28.16092713,17.05442158,29.14243465,27.03603759,12.74180124,32.20429299,27.79442586,12.32132487,32.28720749,28.03612325,12.51383947,29.427135,28.43299539,12.65790537,32.34791144,28.07444725,16.74303827,31.09976204,27.26725464,16.69243991,31.2651823,27.25340208,17.79983039,32.84472109,28.52034987,17.97877488,31.17046392,27.02979162,17.21341608,31.84011266,28.07358105,17.27412215,29.65771879,28.96200307,17.29147997,31.45921406,28.94786101,17.25288347,31.30538192,28.95817446,17.1672729,17.0068644,29.49684652,28.42550519,40.08120039,16.98778365,40.57676685,15.29319819,40.37437178,19.33631625,40.54944822,19.71329839,39.37195837,19.67340198,40.60357522,19.70927719,40.49006823,19.29153298,40.3232329,19.24138529,35.33453655,17.39458224,35.33679443,18.82011278,35.44117683,19.51733021,35.21857859,19.86700532,36.26406823,18.12838693,36.67235747,19.57054905,35.72710099,19.95443458,37.41110945,18.50971404,37.80525807,42.15981518,42.50897725,15.05117739,2
AAAAAA,AAAAAAX,F1234,1,5,2,xxxxxx_1_olm_2,2026-03-24 03:52:50.007614+00:00,52:48.9,hcp-02,2026/3/24 11:52,5,9,150.7614926,151.402658,153.0920138,153.0731475,154.9863623,154.8903464,154.094423,153.0788903,158.9036569,156.5305546,153.5462392,152.6373818,150.3342471,149.4972311,149.7981745,149.1882692,577.9303865,284.9974081,0.058566364,150.8256387,158.2873629,1.312636257,17.1068461,33.88990913,28.96621774,17.33366431,32.96593682,28.64880664,17.44660307,29.11970864,28.16092713,17.05442158,29.14243465,27.03603759,12.74180124,32.20429299,27.79442586,12.32132487,32.28720749,28.03612325,12.51383947,29.427135,28.43299539,12.65790537,32.34791144,28.07444725,16.74303827,31.09976204,27.26725464,16.69243991,31.2651823,27.25340208,17.79983039,32.84472109,28.52034987,17.97877488,31.17046392,27.02979162,17.21341608,31.84011266,28.07358105,17.27412215,29.65771879,28.96200307,17.29147997,31.45921406,28.94786101,17.25288347,31.30538192,28.95817446,17.1672729,17.0068644,29.49684652,28.42550519,40.08120039,16.98778365,40.57676685,15.29319819,40.37437178,19.33631625,40.54944822,19.71329839,39.37195837,19.67340198,40.60357522,19.70927719,40.49006823,19.29153298,40.3232329,19.24138529,35.33453655,17.39458224,35.33679443,18.82011278,35.44117683,19.51733021,35.21857859,19.86700532,36.26406823,18.12838693,36.67235747,19.57054905,35.72710099,19.95443458,37.41110945,18.50971404,37.80525807,42.15981518,42.50897725,15.05117739,2
AAAAAA,AAAAAAX,F1234,1,5,2,xxxxxx_1_olm_3,2026-03-24 03:52:55.448411+00:00,52:54.5,hcp-02,2026/3/24 11:52,6,9,150.7614926,151.402658,153.0920138,153.0731475,154.9863623,154.8903464,154.094423,153.0788903,158.9036569,156.5305546,153.5462392,152.6373818,150.3342471,149.4972311,149.7981745,149.1882692,577.9303865,284.9974081,0.235795753,148.8371359,157.7753456,1.312636257,17.1068461,33.88990913,28.96621774,17.33366431,32.96593682,28.64880664,17.44660307,29.11970864,28.16092713,17.05442158,29.14243465,27.03603759,12.74180124,32.20429299,27.79442586,12.32132487,32.28720749,28.03612325,12.51383947,29.427135,28.43299539,12.65790537,32.34791144,28.07444725,16.74303827,31.09976204,27.26725464,16.69243991,31.2651823,27.25340208,17.79983039,32.84472109,28.52034987,17.97877488,31.17046392,27.02979162,17.21341608,31.84011266,28.07358105,17.27412215,29.65771879,28.96200307,17.29147997,31.45921406,28.94786101,17.25288347,31.30538192,28.95817446,17.1672729,17.0068644,29.49684652,28.42550519,40.08120039,16.98778365,40.57676685,15.29319819,40.37437178,19.33631625,40.54944822,19.71329839,39.37195837,19.67340198,40.60357522,19.70927719,40.49006823,19.29153298,40.3232329,19.24138529,35.33453655,17.39458224,35.33679443,18.82011278,35.44117683,19.51733021,35.21857859,19.86700532,36.26406823,18.12838693,36.67235747,19.57054905,35.72710099,19.95443458,37.41110945,18.50971404,37.80525807,42.15981518,42.50897725,15.05117739,2
AAAAAA,AAAAAAX,F1234,1,6,2,xxxxxx_doe3_1,2026-03-24 03:53:01.527624+00:00,53:00.6,hcp-02,2026/3/24 11:53,4,12,150.7614926,151.402658,153.0920138,153.0731475,154.9863623,154.8903464,154.094423,153.0788903,158.9036569,156.5305546,153.5462392,152.6373818,150.3342471,149.4972311,149.7981745,149.1882692,577.9303865,284.9974081,0.400506116,148.4055463,158.9526103,1.312636257,17.1068461,33.88990913,28.96621774,17.33366431,32.96593682,28.64880664,17.44660307,29.11970864,28.16092713,17.05442158,29.14243465,27.03603759,12.74180124,32.20429299,27.79442586,12.32132487,32.28720749,28.03612325,12.51383947,29.427135,28.43299539,12.65790537,32.34791144,28.07444725,16.74303827,31.09976204,27.26725464,16.69243991,31.2651823,27.25340208,17.79983039,32.84472109,28.52034987,17.97877488,31.17046392,27.02979162,17.21341608,31.84011266,28.07358105,17.27412215,29.65771879,28.96200307,17.29147997,31.45921406,28.94786101,17.25288347,31.30538192,28.95817446,17.1672729,17.0068644,29.49684652,28.42550519,40.08120039,16.98778365,40.57676685,15.29319819,40.37437178,19.33631625,40.54944822,19.71329839,39.37195837,19.67340198,40.60357522,19.70927719,40.49006823,19.29153298,40.3232329,19.24138529,35.33453655,17.39458224,35.33679443,18.82011278,35.44117683,19.51733021,35.21857859,19.86700532,36.26406823,18.12838693,36.67235747,19.57054905,35.72710099,19.95443458,37.41110945,18.50971404,37.80525807,42.15981518,42.50897725,15.05117739,2
AAAAAA,AAAAAAX,F1234,1,6,2,xxxxxx_doe3_2,2026-03-24 03:53:08.512469+00:00,53:07.5,hcp-02,2026/3/24 11:53,5,12,150.7614926,151.402658,153.0920138,153.0731475,154.9863623,154.8903464,154.094423,153.0788903,158.9036569,156.5305546,153.5462392,152.6373818,150.3342471,149.4972311,149.7981745,149.1882692,577.9303865,284.9974081,0.326314063,149.0290383,158.8988722,1.312636257,17.1068461,33.88990913,28.96621774,17.33366431,32.96593682,28.64880664,17.44660307,29.11970864,28.16092713,17.05442158,29.14243465,27.03603759,12.74180124,32.20429299,27.79442586,12.32132487,32.28720749,28.03612325,12.51383947,29.427135,28.43299539,12.65790537,32.34791144,28.07444725,16.74303827,31.09976204,27.26725464,16.69243991,31.2651823,27.25340208,17.79983039,32.84472109,28.52034987,17.97877488,31.17046392,27.02979162,17.21341608,31.84011266,28.07358105,17.27412215,29.65771879,28.96200307,17.29147997,31.45921406,28.94786101,17.25288347,31.30538192,28.95817446,17.1672729,17.0068644,29.49684652,28.42550519,40.08120039,16.98778365,40.57676685,15.29319819,40.37437178,19.33631625,40.54944822,19.71329839,39.37195837,19.67340198,40.60357522,19.70927719,40.49006823,19.29153298,40.3232329,19.24138529,35.33453655,17.39458224,35.33679443,18.82011278,35.44117683,19.51733021,35.21857859,19.86700532,36.26406823,18.12838693,36.67235747,19.57054905,35.72710099,19.95443458,37.41110945,18.50971404,37.80525807,42.15981518,42.50897725,15.05117739,2
AAAAAA,AAAAAAX,F1234,1,6,2,xxxxxx_doe3_3,2026-03-24 03:53:13.746960+00:00,53:12.7,hcp-02,2026/3/24 11:53,6,12,150.7614926,151.402658,153.0920138,153.0731475,154.9863623,154.8903464,154.094423,153.0788903,158.9036569,156.5305546,153.5462392,152.6373818,150.3342471,149.4972311,149.7981745,149.1882692,577.9303865,284.9974081,0.774645288,149.3995318,157.2732548,1.312636257,17.1068461,33.88990913,28.96621774,17.33366431,32.96593682,28.64880664,17.44660307,29.11970864,28.16092713,17.05442158,29.14243465,27.03603759,12.74180124,32.20429299,27.79442586,12.32132487,32.28720749,28.03612325,12.51383947,29.427135,28.43299539,12.65790537,32.34791144,28.07444725,16.74303827,31.09976204,27.26725464,16.69243991,31.2651823,27.25340208,17.79983039,32.84472109,28.52034987,17.97877488,31.17046392,27.02979162,17.21341608,31.84011266,28.07358105,17.27412215,29.65771879,28.96200307,17.29147997,31.45921406,28.94786101,17.25288347,31.30538192,28.95817446,17.1672729,17.0068644,29.49684652,28.42550519,40.08120039,16.98778365,40.57676685,15.29319819,40.37437178,19.33631625,40.54944822,19.71329839,39.37195837,19.67340198,40.60357522,19.70927719,40.49006823,19.29153298,40.3232329,19.24138529,35.33453655,17.39458224,35.33679443,18.82011278,35.44117683,19.51733021,35.21857859,19.86700532,36.26406823,18.12838693,36.67235747,19.57054905,35.72710099,19.95443458,37.41110945,18.50971404,37.80525807,42.15981518,42.50897725,15.05117739,2
AAAAAA,AAAAAAX,F1234,1,6,2,xxxxxx_1_olm_1,2026-03-24 03:53:20.514998+00:00,53:19.5,hcp-02,2026/3/24 11:53,4,11,150.7614926,151.402658,153.0920138,153.0731475,154.9863623,154.8903464,154.094423,153.0788903,158.9036569,156.5305546,153.5462392,152.6373818,150.3342471,149.4972311,149.7981745,149.1882692,577.9303865,284.9974081,0.259922697,150.4331597,159.85269,1.312636257,17.1068461,33.88990913,28.96621774,17.33366431,32.96593682,28.64880664,17.44660307,29.11970864,28.16092713,17.05442158,29.14243465,27.03603759,12.74180124,32.20429299,27.79442586,12.32132487,32.28720749,28.03612325,12.51383947,29.427135,28.43299539,12.65790537,32.34791144,28.07444725,16.74303827,31.09976204,27.26725464,16.69243991,31.2651823,27.25340208,17.79983039,32.84472109,28.52034987,17.97877488,31.17046392,27.02979162,17.21341608,31.84011266,28.07358105,17.27412215,29.65771879,28.96200307,17.29147997,31.45921406,28.94786101,17.25288347,31.30538192,28.95817446,17.1672729,17.0068644,29.49684652,28.42550519,40.08120039,16.98778365,40.57676685,15.29319819,40.37437178,19.33631625,40.54944822,19.71329839,39.37195837,19.67340198,40.60357522,19.70927719,40.49006823,19.29153298,40.3232329,19.24138529,35.33453655,17.39458224,35.33679443,18.82011278,35.44117683,19.51733021,35.21857859,19.86700532,36.26406823,18.12838693,36.67235747,19.57054905,35.72710099,19.95443458,37.41110945,18.50971404,37.80525807,42.15981518,42.50897725,15.05117739,2
AAAAAA,AAAAAAX,F1234,1,6,2,xxxxxx_1_olm_2,2026-03-24 03:53:26.035702+00:00,53:25.0,hcp-02,2026/3/24 11:53,5,11,150.7614926,151.402658,153.0920138,153.0731475,154.9863623,154.8903464,154.094423,153.0788903,158.9036569,156.5305546,153.5462392,152.6373818,150.3342471,149.4972311,149.7981745,149.1882692,577.9303865,284.9974081,0.670213514,150.3471641,159.7046202,1.312636257,17.1068461,33.88990913,28.96621774,17.33366431,32.96593682,28.64880664,17.44660307,29.11970864,28.16092713,17.05442158,29.14243465,27.03603759,12.74180124,32.20429299,27.79442586,12.32132487,32.28720749,28.03612325,12.51383947,29.427135,28.43299539,12.65790537,32.34791144,28.07444725,16.74303827,31.09976204,27.26725464,16.69243991,31.2651823,27.25340208,17.79983039,32.84472109,28.52034987,17.97877488,31.17046392,27.02979162,17.21341608,31.84011266,28.07358105,17.27412215,29.65771879,28.96200307,17.29147997,31.45921406,28.94786101,17.25288347,31.30538192,28.95817446,17.1672729,17.0068644,29.49684652,28.42550519,40.08120039,16.98778365,40.57676685,15.29319819,40.37437178,19.33631625,40.54944822,19.71329839,39.37195837,19.67340198,40.60357522,19.70927719,40.49006823,19.29153298,40.3232329,19.24138529,35.33453655,17.39458224,35.33679443,18.82011278,35.44117683,19.51733021,35.21857859,19.86700532,36.26406823,18.12838693,36.67235747,19.57054905,35.72710099,19.95443458,37.41110945,18.50971404,37.80525807,42.15981518,42.50897725,15.05117739,2
AAAAAA,AAAAAAX,F1234,1,6,2,xxxxxx_1_olm_3,2026-03-24 03:53:31.373200+00:00,53:30.3,hcp-02,2026/3/24 11:53,6,11,150.7614926,151.402658,153.0920138,153.0731475,154.9863623,154.8903464,154.094423,153.0788903,158.9036569,156.5305546,153.5462392,152.6373818,150.3342471,149.4972311,149.7981745,149.1882692,577.9303865,284.9974081,0.626981155,148.6778412,157.2896679,1.312636257,17.1068461,33.88990913,28.96621774,17.33366431,32.96593682,28.64880664,17.44660307,29.11970864,28.16092713,17.05442158,29.14243465,27.03603759,12.74180124,32.20429299,27.79442586,12.32132487,32.28720749,28.03612325,12.51383947,29.427135,28.43299539,12.65790537,32.34791144,28.07444725,16.74303827,31.09976204,27.26725464,16.69243991,31.2651823,27.25340208,17.79983039,32.84472109,28.52034987,17.97877488,31.17046392,27.02979162,17.21341608,31.84011266,28.07358105,17.27412215,29.65771879,28.96200307,17.29147997,31.45921406,28.94786101,17.25288347,31.30538192,28.95817446,17.1672729,17.0068644,29.49684652,28.42550519,40.08120039,16.98778365,40.57676685,15.29319819,40.37437178,19.33631625,40.54944822,19.71329839,39.37195837,19.67340198,40.60357522,19.70927719,40.49006823,19.29153298,40.3232329,19.24138529,35.33453655,17.39458224,35.33679443,18.82011278,35.44117683,19.51733021,35.21857859,19.86700532,36.26406823,18.12838693,36.67235747,19.57054905,35.72710099,19.95443458,37.41110945,18.50971404,37.80525807,42.15981518,42.50897725,15.05117739,6
AAAAAA,AAAAAAX,F1234,1,7,2,xxxxxx_doe3_3,2026-03-24 03:53:47.152255+00:00,53:46.1,hcp-02,2026/3/24 11:53,6,14,150.7614926,151.402658,153.0920138,153.0731475,154.9863623,154.8903464,154.094423,153.0788903,158.9036569,156.5305546,153.5462392,152.6373818,150.3342471,149.4972311,149.7981745,149.1882692,577.9303865,284.9974081,0.715479051,151.4547391,159.0124572,1.312636257,17.1068461,33.88990913,28.96621774,17.33366431,32.96593682,28.64880664,17.44660307,29.11970864,28.16092713,17.05442158,29.14243465,27.03603759,12.74180124,32.20429299,27.79442586,12.32132487,32.28720749,28.03612325,12.51383947,29.427135,28.43299539,12.65790537,32.34791144,28.07444725,16.74303827,31.09976204,27.26725464,16.69243991,31.2651823,27.25340208,17.79983039,32.84472109,28.52034987,17.97877488,31.17046392,27.02979162,17.21341608,31.84011266,28.07358105,17.27412215,29.65771879,28.96200307,17.29147997,31.45921406,28.94786101,17.25288347,31.30538192,28.95817446,17.1672729,17.0068644,29.49684652,28.42550519,40.08120039,16.98778365,40.57676685,15.29319819,40.37437178,19.33631625,40.54944822,19.71329839,39.37195837,19.67340198,40.60357522,19.70927719,40.49006823,19.29153298,40.3232329,19.24138529,35.33453655,17.39458224,35.33679443,18.82011278,35.44117683,19.51733021,35.21857859,19.86700532,36.26406823,18.12838693,36.67235747,19.57054905,35.72710099,19.95443458,37.41110945,18.50971404,37.80525807,42.15981518,42.50897725,15.05117739,1
AAAAAA,AAAAAAX,F1234,1,7,2,xxxxxx_1_olm_2,2026-03-24 03:53:52.684652+00:00,53:51.6,hcp-02,2026/3/24 11:53,5,13,150.7614926,151.402658,153.0920138,153.0731475,154.9863623,154.8903464,154.094423,153.0788903,158.9036569,156.5305546,153.5462392,152.6373818,150.3342471,149.4972311,149.7981745,149.1882692,577.9303865,284.9974081,0.023920169,150.4448996,160.0148037,1.312636257,17.1068461,33.88990913,28.96621774,17.33366431,32.96593682,28.64880664,17.44660307,29.11970864,28.16092713,17.05442158,29.14243465,27.03603759,12.74180124,32.20429299,27.79442586,12.32132487,32.28720749,28.03612325,12.51383947,29.427135,28.43299539,12.65790537,32.34791144,28.07444725,16.74303827,31.09976204,27.26725464,16.69243991,31.2651823,27.25340208,17.79983039,32.84472109,28.52034987,17.97877488,31.17046392,27.02979162,17.21341608,31.84011266,28.07358105,17.27412215,29.65771879,28.96200307,17.29147997,31.45921406,28.94786101,17.25288347,31.30538192,28.95817446,17.1672729,17.0068644,29.49684652,28.42550519,40.08120039,16.98778365,40.57676685,15.29319819,40.37437178,19.33631625,40.54944822,19.71329839,39.37195837,19.67340198,40.60357522,19.70927719,40.49006823,19.29153298,40.3232329,19.24138529,35.33453655,17.39458224,35.33679443,18.82011278,35.44117683,19.51733021,35.21857859,19.86700532,36.26406823,18.12838693,36.67235747,19.57054905,35.72710099,19.95443458,37.41110945,18.50971404,37.80525807,42.15981518,42.50897725,15.05117739,2
AAAAAA,AAAAAAX,F1234,1,7,2,xxxxxx_1_olm_3,2026-03-24 03:53:59.099975+00:00,53:58.0,hcp-02,2026/3/24 11:53,6,13,150.7614926,151.402658,153.0920138,153.0731475,154.9863623,154.8903464,154.094423,153.0788903,158.9036569,156.5305546,153.5462392,152.6373818,150.3342471,149.4972311,149.7981745,149.1882692,577.9303865,284.9974081,0.194283214,150.2974649,159.0209198,1.312636257,17.1068461,33.88990913,28.96621774,17.33366431,32.96593682,28.64880664,17.44660307,29.11970864,28.16092713,17.05442158,29.14243465,27.03603759,12.74180124,32.20429299,27.79442586,12.32132487,32.28720749,28.03612325,12.51383947,29.427135,28.43299539,12.65790537,32.34791144,28.07444725,16.74303827,31.09976204,27.26725464,16.69243991,31.2651823,27.25340208,17.79983039,32.84472109,28.52034987,17.97877488,31.17046392,27.02979162,17.21341608,31.84011266,28.07358105,17.27412215,29.65771879,28.96200307,17.29147997,31.45921406,28.94786101,17.25288347,31.30538192,28.95817446,17.1672729,17.0068644,29.49684652,28.42550519,40.08120039,16.98778365,40.57676685,15.29319819,40.37437178,19.33631625,40.54944822,19.71329839,39.37195837,19.67340198,40.60357522,19.70927719,40.49006823,19.29153298,40.3232329,19.24138529,35.33453655,17.39458224,35.33679443,18.82011278,35.44117683,19.51733021,35.21857859,19.86700532,36.26406823,18.12838693,36.67235747,19.57054905,35.72710099,19.95443458,37.41110945,18.50971404,37.80525807,42.15981518,42.50897725,15.05117739,2
AAAAAA,AAAAAAX,F1234,1,2,3,xxxxxx_doe3_1,2026-03-24 03:54:06.124456+00:00,54:05.0,hcp-02,2026/3/24 11:54,7,4,150.7614926,151.402658,153.0920138,153.0731475,154.9863623,154.8903464,154.094423,153.0788903,158.9036569,156.5305546,153.5462392,152.6373818,150.3342471,149.4972311,149.7981745,149.1882692,577.9303865,284.9974081,0.217056136,149.3708,158.3747512,1.312636257,17.1068461,33.88990913,28.96621774,17.33366431,32.96593682,28.64880664,17.44660307,29.11970864,28.16092713,17.05442158,29.14243465,27.03603759,12.74180124,32.20429299,27.79442586,12.32132487,32.28720749,28.03612325,12.51383947,29.427135,28.43299539,12.65790537,32.34791144,28.07444725,16.74303827,31.09976204,27.26725464,16.69243991,31.2651823,27.25340208,17.79983039,32.84472109,28.52034987,17.97877488,31.17046392,27.02979162,17.21341608,31.84011266,28.07358105,17.27412215,29.65771879,28.96200307,17.29147997,31.45921406,28.94786101,17.25288347,31.30538192,28.95817446,17.1672729,17.0068644,29.49684652,28.42550519,40.08120039,16.98778365,40.57676685,15.29319819,40.37437178,19.33631625,40.54944822,19.71329839,39.37195837,19.67340198,40.60357522,19.70927719,40.49006823,19.29153298,40.3232329,19.24138529,35.33453655,17.39458224,35.33679443,18.82011278,35.44117683,19.51733021,35.21857859,19.86700532,36.26406823,18.12838693,36.67235747,19.57054905,35.72710099,19.95443458,37.41110945,18.50971404,37.80525807,42.15981518,42.50897725,15.05117739,2
AAAAAA,AAAAAAX,F1234,1,2,3,xxxxxx_doe3_2,2026-03-24 03:54:12.612207+00:00,54:11.5,hcp-02,2026/3/24 11:54,8,4,150.7614926,151.402658,153.0920138,153.0731475,154.9863623,154.8903464,154.094423,153.0788903,158.9036569,156.5305546,153.5462392,152.6373818,150.3342471,149.4972311,149.7981745,149.1882692,577.9303865,284.9974081,0.249729234,149.1678286,157.4286057,1.312636257,17.1068461,33.88990913,28.96621774,17.33366431,32.96593682,28.64880664,17.44660307,29.11970864,28.16092713,17.05442158,29.14243465,27.03603759,12.74180124,32.20429299,27.79442586,12.32132487,32.28720749,28.03612325,12.51383947,29.427135,28.43299539,12.65790537,32.34791144,28.07444725,16.74303827,31.09976204,27.26725464,16.69243991,31.2651823,27.25340208,17.79983039,32.84472109,28.52034987,17.97877488,31.17046392,27.02979162,17.21341608,31.84011266,28.07358105,17.27412215,29.65771879,28.96200307,17.29147997,31.45921406,28.94786101,17.25288347,31.30538192,28.95817446,17.1672729,17.0068644,29.49684652,28.42550519,40.08120039,16.98778365,40.57676685,15.29319819,40.37437178,19.33631625,40.54944822,19.71329839,39.37195837,19.67340198,40.60357522,19.70927719,40.49006823,19.29153298,40.3232329,19.24138529,35.33453655,17.39458224,35.33679443,18.82011278,35.44117683,19.51733021,35.21857859,19.86700532,36.26406823,18.12838693,36.67235747,19.57054905,35.72710099,19.95443458,37.41110945,18.50971404,37.80525807,42.15981518,42.50897725,15.05117739,1
AAAAAA,AAAAAAX,F1234,1,2,3,xxxxxx_doe3_3,2026-03-24 03:54:18.791954+00:00,54:17.8,hcp-02,2026/3/24 11:54,9,4,150.7614926,151.402658,153.0920138,153.0731475,154.9863623,154.8903464,154.094423,153.0788903,158.9036569,156.5305546,153.5462392,152.6373818,150.3342471,149.4972311,149.7981745,149.1882692,577.9303865,284.9974081,0.848484882,148.2915842,156.1929005,1.312636257,17.1068461,33.88990913,28.96621774,17.33366431,32.96593682,28.64880664,17.44660307,29.11970864,28.16092713,17.05442158,29.14243465,27.03603759,12.74180124,32.20429299,27.79442586,12.32132487,32.28720749,28.03612325,12.51383947,29.427135,28.43299539,12.65790537,32.34791144,28.07444725,16.74303827,31.09976204,27.26725464,16.69243991,31.2651823,27.25340208,17.79983039,32.84472109,28.52034987,17.97877488,31.17046392,27.02979162,17.21341608,31.84011266,28.07358105,17.27412215,29.65771879,28.96200307,17.29147997,31.45921406,28.94786101,17.25288347,31.30538192,28.95817446,17.1672729,17.0068644,29.49684652,28.42550519,40.08120039,16.98778365,40.57676685,15.29319819,40.37437178,19.33631625,40.54944822,19.71329839,39.37195837,19.67340198,40.60357522,19.70927719,40.49006823,19.29153298,40.3232329,19.24138529,35.33453655,17.39458224,35.33679443,18.82011278,35.44117683,19.51733021,35.21857859,19.86700532,36.26406823,18.12838693,36.67235747,19.57054905,35.72710099,19.95443458,37.41110945,18.50971404,37.80525807,42.15981518,42.50897725,15.05117739,2
AAAAAA,AAAAAAX,F1234,1,3,3,xxxxxx_doe3_1,2026-03-24 03:54:25.564756+00:00,54:24.5,hcp-02,2026/3/24 11:54,7,6,150.7614926,151.402658,153.0920138,153.0731475,154.9863623,154.8903464,154.094423,153.0788903,158.9036569,156.5305546,153.5462392,152.6373818,150.3342471,149.4972311,149.7981745,149.1882692,577.9303865,284.9974081,0.330825908,148.2107694,158.2963876,1.312636257,17.1068461,33.88990913,28.96621774,17.33366431,32.96593682,28.64880664,17.44660307,29.11970864,28.16092713,17.05442158,29.14243465,27.03603759,12.74180124,32.20429299,27.79442586,12.32132487,32.28720749,28.03612325,12.51383947,29.427135,28.43299539,12.65790537,32.34791144,28.07444725,16.74303827,31.09976204,27.26725464,16.69243991,31.2651823,27.25340208,17.79983039,32.84472109,28.52034987,17.97877488,31.17046392,27.02979162,17.21341608,31.84011266,28.07358105,17.27412215,29.65771879,28.96200307,17.29147997,31.45921406,28.94786101,17.25288347,31.30538192,28.95817446,17.1672729,17.0068644,29.49684652,28.42550519,40.08120039,16.98778365,40.57676685,15.29319819,40.37437178,19.33631625,40.54944822,19.71329839,39.37195837,19.67340198,40.60357522,19.70927719,40.49006823,19.29153298,40.3232329,19.24138529,35.33453655,17.39458224,35.33679443,18.82011278,35.44117683,19.51733021,35.21857859,19.86700532,36.26406823,18.12838693,36.67235747,19.57054905,35.72710099,19.95443458,37.41110945,18.50971404,37.80525807,42.15981518,42.50897725,15.05117739,1
AAAAAA,AAAAAAX,F1234,1,3,3,xxxxxx_doe3_2,2026-03-24 03:54:31.092041+00:00,54:30.1,hcp-02,2026/3/24 11:54,8,6,150.7614926,151.402658,153.0920138,153.0731475,154.9863623,154.8903464,154.094423,153.0788903,158.9036569,156.5305546,153.5462392,152.6373818,150.3342471,149.4972311,149.7981745,149.1882692,577.9303865,284.9974081,0.96488082,148.8088685,157.1054483,1.312636257,17.1068461,33.88990913,28.96621774,17.33366431,32.96593682,28.64880664,17.44660307,29.11970864,28.16092713,17.05442158,29.14243465,27.03603759,12.74180124,32.20429299,27.79442586,12.32132487,32.28720749,28.03612325,12.51383947,29.427135,28.43299539,12.65790537,32.34791144,28.07444725,16.74303827,31.09976204,27.26725464,16.69243991,31.2651823,27.25340208,17.79983039,32.84472109,28.52034987,17.97877488,31.17046392,27.02979162,17.21341608,31.84011266,28.07358105,17.27412215,29.65771879,28.96200307,17.29147997,31.45921406,28.94786101,17.25288347,31.30538192,28.95817446,17.1672729,17.0068644,29.49684652,28.42550519,40.08120039,16.98778365,40.57676685,15.29319819,40.37437178,19.33631625,40.54944822,19.71329839,39.37195837,19.67340198,40.60357522,19.70927719,40.49006823,19.29153298,40.3232329,19.24138529,35.33453655,17.39458224,35.33679443,18.82011278,35.44117683,19.51733021,35.21857859,19.86700532,36.26406823,18.12838693,36.67235747,19.57054905,35.72710099,19.95443458,37.41110945,18.50971404,37.80525807,42.15981518,42.50897725,15.05117739,1
AAAAAA,AAAAAAX,F1234,1,3,3,xxxxxx_doe3_3,2026-03-24 03:54:37.209461+00:00,54:36.2,hcp-02,2026/3/24 11:54,9,6,150.7614926,151.402658,153.0920138,153.0731475,154.9863623,154.8903464,154.094423,153.0788903,158.9036569,156.5305546,153.5462392,152.6373818,150.3342471,149.4972311,149.7981745,149.1882692,577.9303865,284.9974081,0.694667377,147.0285147,155.4503794,1.312636257,17.1068461,33.88990913,28.96621774,17.33366431,32.96593682,28.64880664,17.44660307,29.11970864,28.16092713,17.05442158,29.14243465,27.03603759,12.74180124,32.20429299,27.79442586,12.32132487,32.28720749,28.03612325,12.51383947,29.427135,28.43299539,12.65790537,32.34791144,28.07444725,16.74303827,31.09976204,27.26725464,16.69243991,31.2651823,27.25340208,17.79983039,32.84472109,28.52034987,17.97877488,31.17046392,27.02979162,17.21341608,31.84011266,28.07358105,17.27412215,29.65771879,28.96200307,17.29147997,31.45921406,28.94786101,17.25288347,31.30538192,28.95817446,17.1672729,17.0068644,29.49684652,28.42550519,40.08120039,16.98778365,40.57676685,15.29319819,40.37437178,19.33631625,40.54944822,19.71329839,39.37195837,19.67340198,40.60357522,19.70927719,40.49006823,19.29153298,40.3232329,19.24138529,35.33453655,17.39458224,35.33679443,18.82011278,35.44117683,19.51733021,35.21857859,19.86700532,36.26406823,18.12838693,36.67235747,19.57054905,35.72710099,19.95443458,37.41110945,18.50971404,37.80525807,42.15981518,42.50897725,15.05117739,2
AAAAAA,AAAAAAX,F1234,1,3,3,xxxxxx_1_olm_1,2026-03-24 03:54:43.508252+00:00,54:42.4,hcp-02,2026/3/24 11:54,7,5,150.7614926,151.402658,153.0920138,153.0731475,154.9863623,154.8903464,154.094423,153.0788903,158.9036569,156.5305546,153.5462392,152.6373818,150.3342471,149.4972311,149.7981745,149.1882692,577.9303865,284.9974081,0.318548196,150.6710688,158.9988508,1.312636257,17.1068461,33.88990913,28.96621774,17.33366431,32.96593682,28.64880664,17.44660307,29.11970864,28.16092713,17.05442158,29.14243465,27.03603759,12.74180124,32.20429299,27.79442586,12.32132487,32.28720749,28.03612325,12.51383947,29.427135,28.43299539,12.65790537,32.34791144,28.07444725,16.74303827,31.09976204,27.26725464,16.69243991,31.2651823,27.25340208,17.79983039,32.84472109,28.52034987,17.97877488,31.17046392,27.02979162,17.21341608,31.84011266,28.07358105,17.27412215,29.65771879,28.96200307,17.29147997,31.45921406,28.94786101,17.25288347,31.30538192,28.95817446,17.1672729,17.0068644,29.49684652,28.42550519,40.08120039,16.98778365,40.57676685,15.29319819,40.37437178,19.33631625,40.54944822,19.71329839,39.37195837,19.67340198,40.60357522,19.70927719,40.49006823,19.29153298,40.3232329,19.24138529,35.33453655,17.39458224,35.33679443,18.82011278,35.44117683,19.51733021,35.21857859,19.86700532,36.26406823,18.12838693,36.67235747,19.57054905,35.72710099,19.95443458,37.41110945,18.50971404,37.80525807,42.15981518,42.50897725,15.05117739,1
AAAAAA,AAAAAAX,F1234,1,3,3,xxxxxx_1_olm_2,2026-03-24 03:54:49.128021+00:00,54:48.1,hcp-02,2026/3/24 11:54,8,5,150.7614926,151.402658,153.0920138,153.0731475,154.9863623,154.8903464,154.094423,153.0788903,158.9036569,156.5305546,153.5462392,152.6373818,150.3342471,149.4972311,149.7981745,149.1882692,577.9303865,284.9974081,0.356323537,149.262941,157.2207776,1.312636257,17.1068461,33.88990913,28.96621774,17.33366431,32.96593682,28.64880664,17.44660307,29.11970864,28.16092713,17.05442158,29.14243465,27.03603759,12.74180124,32.20429299,27.79442586,12.32132487,32.28720749,28.03612325,12.51383947,29.427135,28.43299539,12.65790537,32.34791144,28.07444725,16.74303827,31.09976204,27.26725464,16.69243991,31.2651823,27.25340208,17.79983039,32.84472109,28.52034987,17.97877488,31.17046392,27.02979162,17.21341608,31.84011266,28.07358105,17.27412215,29.65771879,28.96200307,17.29147997,31.45921406,28.94786101,17.25288347,31.30538192,28.95817446,17.1672729,17.0068644,29.49684652,28.42550519,40.08120039,16.98778365,40.57676685,15.29319819,40.37437178,19.33631625,40.54944822,19.71329839,39.37195837,19.67340198,40.60357522,19.70927719,40.49006823,19.29153298,40.3232329,19.24138529,35.33453655,17.39458224,35.33679443,18.82011278,35.44117683,19.51733021,35.21857859,19.86700532,36.26406823,18.12838693,36.67235747,19.57054905,35.72710099,19.95443458,37.41110945,18.50971404,37.80525807,42.15981518,42.50897725,15.05117739,2
AAAAAA,AAAAAAX,F1234,1,3,3,xxxxxx_1_olm_3,2026-03-24 03:54:54.503316+00:00,54:53.5,hcp-02,2026/3/24 11:54,9,5,150.7614926,151.402658,153.0920138,153.0731475,154.9863623,154.8903464,154.094423,153.0788903,158.9036569,156.5305546,153.5462392,152.6373818,150.3342471,149.4972311,149.7981745,149.1882692,577.9303865,284.9974081,0.726869613,147.3531307,155.2444158,1.312636257,17.1068461,33.88990913,28.96621774,17.33366431,32.96593682,28.64880664,17.44660307,29.11970864,28.16092713,17.05442158,29.14243465,27.03603759,12.74180124,32.20429299,27.79442586,12.32132487,32.28720749,28.03612325,12.51383947,29.427135,28.43299539,12.65790537,32.34791144,28.07444725,16.74303827,31.09976204,27.26725464,16.69243991,31.2651823,27.25340208,17.79983039,32.84472109,28.52034987,17.97877488,31.17046392,27.02979162,17.21341608,31.84011266,28.07358105,17.27412215,29.65771879,28.96200307,17.29147997,31.45921406,28.94786101,17.25288347,31.30538192,28.95817446,17.1672729,17.0068644,29.49684652,28.42550519,40.08120039,16.98778365,40.57676685,15.29319819,40.37437178,19.33631625,40.54944822,19.71329839,39.37195837,19.67340198,40.60357522,19.70927719,40.49006823,19.29153298,40.3232329,19.24138529,35.33453655,17.39458224,35.33679443,18.82011278,35.44117683,19.51733021,35.21857859,19.86700532,36.26406823,18.12838693,36.67235747,19.57054905,35.72710099,19.95443458,37.41110945,18.50971404,37.80525807,42.15981518,42.50897725,15.05117739,1
AAAAAA,AAAAAAX,F1234,1,4,3,xxxxxx_doe3_1,2026-03-24 03:55:01.229946+00:00,55:00.1,hcp-02,2026/3/24 11:55,7,8,150.7614926,151.402658,153.0920138,153.0731475,154.9863623,154.8903464,154.094423,153.0788903,158.9036569,156.5305546,153.5462392,152.6373818,150.3342471,149.4972311,149.7981745,149.1882692,577.9303865,284.9974081,0.891443168,148.0672846,158.8071363,1.312636257,17.1068461,33.88990913,28.96621774,17.33366431,32.96593682,28.64880664,17.44660307,29.11970864,28.16092713,17.05442158,29.14243465,27.03603759,12.74180124,32.20429299,27.79442586,12.32132487,32.28720749,28.03612325,12.51383947,29.427135,28.43299539,12.65790537,32.34791144,28.07444725,16.74303827,31.09976204,27.26725464,16.69243991,31.2651823,27.25340208,17.79983039,32.84472109,28.52034987,17.97877488,31.17046392,27.02979162,17.21341608,31.84011266,28.07358105,17.27412215,29.65771879,28.96200307,17.29147997,31.45921406,28.94786101,17.25288347,31.30538192,28.95817446,17.1672729,17.0068644,29.49684652,28.42550519,40.08120039,16.98778365,40.57676685,15.29319819,40.37437178,19.33631625,40.54944822,19.71329839,39.37195837,19.67340198,40.60357522,19.70927719,40.49006823,19.29153298,40.3232329,19.24138529,35.33453655,17.39458224,35.33679443,18.82011278,35.44117683,19.51733021,35.21857859,19.86700532,36.26406823,18.12838693,36.67235747,19.57054905,35.72710099,19.95443458,37.41110945,18.50971404,37.80525807,42.15981518,42.50897725,15.05117739,2
AAAAAA,AAAAAAX,F1234,1,4,3,xxxxxx_doe3_2,2026-03-24 03:55:07.073483+00:00,55:06.0,hcp-02,2026/3/24 11:55,8,8,150.7614926,151.402658,153.0920138,153.0731475,154.9863623,154.8903464,154.094423,153.0788903,158.9036569,156.5305546,153.5462392,152.6373818,150.3342471,149.4972311,149.7981745,149.1882692,577.9303865,284.9974081,0.075493696,148.0540053,157.992815,1.312636257,17.1068461,33.88990913,28.96621774,17.33366431,32.96593682,28.64880664,17.44660307,29.11970864,28.16092713,17.05442158,29.14243465,27.03603759,12.74180124,32.20429299,27.79442586,12.32132487,32.28720749,28.03612325,12.51383947,29.427135,28.43299539,12.65790537,32.34791144,28.07444725,16.74303827,31.09976204,27.26725464,16.69243991,31.2651823,27.25340208,17.79983039,32.84472109,28.52034987,17.97877488,31.17046392,27.02979162,17.21341608,31.84011266,28.07358105,17.27412215,29.65771879,28.96200307,17.29147997,31.45921406,28.94786101,17.25288347,31.30538192,28.95817446,17.1672729,17.0068644,29.49684652,28.42550519,40.08120039,16.98778365,40.57676685,15.29319819,40.37437178,19.33631625,40.54944822,19.71329839,39.37195837,19.67340198,40.60357522,19.70927719,40.49006823,19.29153298,40.3232329,19.24138529,35.33453655,17.39458224,35.33679443,18.82011278,35.44117683,19.51733021,35.21857859,19.86700532,36.26406823,18.12838693,36.67235747,19.57054905,35.72710099,19.95443458,37.41110945,18.50971404,37.80525807,42.15981518,42.50897725,15.05117739,1
AAAAAA,AAAAAAX,F1234,1,4,3,xxxxxx_doe3_3,2026-03-24 03:55:13.217932+00:00,55:12.1,hcp-02,2026/3/24 11:55,9,8,150.7614926,151.402658,153.0920138,153.0731475,154.9863623,154.8903464,154.094423,153.0788903,158.9036569,156.5305546,153.5462392,152.6373818,150.3342471,149.4972311,149.7981745,149.1882692,577.9303865,284.9974081,0.656320809,147.3467733,156.356416,1.312636257,17.1068461,33.88990913,28.96621774,17.33366431,32.96593682,28.64880664,17.44660307,29.11970864,28.16092713,17.05442158,29.14243465,27.03603759,12.74180124,32.20429299,27.79442586,12.32132487,32.28720749,28.03612325,12.51383947,29.427135,28.43299539,12.65790537,32.34791144,28.07444725,16.74303827,31.09976204,27.26725464,16.69243991,31.2651823,27.25340208,17.79983039,32.84472109,28.52034987,17.97877488,31.17046392,27.02979162,17.21341608,31.84011266,28.07358105,17.27412215,29.65771879,28.96200307,17.29147997,31.45921406,28.94786101,17.25288347,31.30538192,28.95817446,17.1672729,17.0068644,29.49684652,28.42550519,40.08120039,16.98778365,40.57676685,15.29319819,40.37437178,19.33631625,40.54944822,19.71329839,39.37195837,19.67340198,40.60357522,19.70927719,40.49006823,19.29153298,40.3232329,19.24138529,35.33453655,17.39458224,35.33679443,18.82011278,35.44117683,19.51733021,35.21857859,19.86700532,36.26406823,18.12838693,36.67235747,19.57054905,35.72710099,19.95443458,37.41110945,18.50971404,37.80525807,42.15981518,42.50897725,15.05117739,1
AAAAAA,AAAAAAX,F1234,1,4,3,xxxxxx_1_olm_1,2026-03-24 03:55:19.807955+00:00,55:18.7,hcp-02,2026/3/24 11:55,7,7,150.7614926,151.402658,153.0920138,153.0731475,154.9863623,154.8903464,154.094423,153.0788903,158.9036569,156.5305546,153.5462392,152.6373818,150.3342471,149.4972311,149.7981745,149.1882692,577.9303865,284.9974081,0.589408622,149.3647601,158.2676853,1.312636257,17.1068461,33.88990913,28.96621774,17.33366431,32.96593682,28.64880664,17.44660307,29.11970864,28.16092713,17.05442158,29.14243465,27.03603759,12.74180124,32.20429299,27.79442586,12.32132487,32.28720749,28.03612325,12.51383947,29.427135,28.43299539,12.65790537,32.34791144,28.07444725,16.74303827,31.09976204,27.26725464,16.69243991,31.2651823,27.25340208,17.79983039,32.84472109,28.52034987,17.97877488,31.17046392,27.02979162,17.21341608,31.84011266,28.07358105,17.27412215,29.65771879,28.96200307,17.29147997,31.45921406,28.94786101,17.25288347,31.30538192,28.95817446,17.1672729,17.0068644,29.49684652,28.42550519,40.08120039,16.98778365,40.57676685,15.29319819,40.37437178,19.33631625,40.54944822,19.71329839,39.37195837,19.67340198,40.60357522,19.70927719,40.49006823,19.29153298,40.3232329,19.24138529,35.33453655,17.39458224,35.33679443,18.82011278,35.44117683,19.51733021,35.21857859,19.86700532,36.26406823,18.12838693,36.67235747,19.57054905,35.72710099,19.95443458,37.41110945,18.50971404,37.80525807,42.15981518,42.50897725,15.05117739,1
AAAAAA,AAAAAAX,F1234,1,4,3,xxxxxx_1_olm_2,2026-03-24 03:55:26.663177+00:00,55:25.4,hcp-02,2026/3/24 11:55,8,7,150.7614926,151.402658,153.0920138,153.0731475,154.9863623,154.8903464,154.094423,153.0788903,158.9036569,156.5305546,153.5462392,152.6373818,150.3342471,149.4972311,149.7981745,149.1882692,577.9303865,284.9974081,0.076573343,149.4306864,157.2815992,1.312636257,17.1068461,33.88990913,28.96621774,17.33366431,32.96593682,28.64880664,17.44660307,29.11970864,28.16092713,17.05442158,29.14243465,27.03603759,12.74180124,32.20429299,27.79442586,12.32132487,32.28720749,28.03612325,12.51383947,29.427135,28.43299539,12.65790537,32.34791144,28.07444725,16.74303827,31.09976204,27.26725464,16.69243991,31.2651823,27.25340208,17.79983039,32.84472109,28.52034987,17.97877488,31.17046392,27.02979162,17.21341608,31.84011266,28.07358105,17.27412215,29.65771879,28.96200307,17.29147997,31.45921406,28.94786101,17.25288347,31.30538192,28.95817446,17.1672729,17.0068644,29.49684652,28.42550519,40.08120039,16.98778365,40.57676685,15.29319819,40.37437178,19.33631625,40.54944822,19.71329839,39.37195837,19.67340198,40.60357522,19.70927719,40.49006823,19.29153298,40.3232329,19.24138529,35.33453655,17.39458224,35.33679443,18.82011278,35.44117683,19.51733021,35.21857859,19.86700532,36.26406823,18.12838693,36.67235747,19.57054905,35.72710099,19.95443458,37.41110945,18.50971404,37.80525807,42.15981518,42.50897725,15.05117739,1
AAAAAA,AAAAAAX,F1234,1,4,3,xxxxxx_1_olm_3,2026-03-24 03:55:32.831010+00:00,55:31.8,hcp-02,2026/3/24 11:55,9,7,150.7614926,151.402658,153.0920138,153.0731475,154.9863623,154.8903464,154.094423,153.0788903,158.9036569,156.5305546,153.5462392,152.6373818,150.3342471,149.4972311,149.7981745,149.1882692,577.9303865,284.9974081,0.12645937,147.0274961,156.4444382,1.312636257,17.1068461,33.88990913,28.96621774,17.33366431,32.96593682,28.64880664,17.44660307,29.11970864,28.16092713,17.05442158,29.14243465,27.03603759,12.74180124,32.20429299,27.79442586,12.32132487,32.28720749,28.03612325,12.51383947,29.427135,28.43299539,12.65790537,32.34791144,28.07444725,16.74303827,31.09976204,27.26725464,16.69243991,31.2651823,27.25340208,17.79983039,32.84472109,28.52034987,17.97877488,31.17046392,27.02979162,17.21341608,31.84011266,28.07358105,17.27412215,29.65771879,28.96200307,17.29147997,31.45921406,28.94786101,17.25288347,31.30538192,28.95817446,17.1672729,17.0068644,29.49684652,28.42550519,40.08120039,16.98778365,40.57676685,15.29319819,40.37437178,19.33631625,40.54944822,19.71329839,39.37195837,19.67340198,40.60357522,19.70927719,40.49006823,19.29153298,40.3232329,19.24138529,35.33453655,17.39458224,35.33679443,18.82011278,35.44117683,19.51733021,35.21857859,19.86700532,36.26406823,18.12838693,36.67235747,19.57054905,35.72710099,19.95443458,37.41110945,18.50971404,37.80525807,42.15981518,42.50897725,15.05117739,1
AAAAAA,AAAAAAX,F1234,1,5,3,xxxxxx_doe3_1,2026-03-24 03:55:39.419704+00:00,55:38.4,hcp-02,2026/3/24 11:55,7,10,150.7614926,151.402658,153.0920138,153.0731475,154.9863623,154.8903464,154.094423,153.0788903,158.9036569,156.5305546,153.5462392,152.6373818,150.3342471,149.4972311,149.7981745,149.1882692,577.9303865,284.9974081,0.748753237,148.0438111,158.9183979,1.312636257,17.1068461,33.88990913,28.96621774,17.33366431,32.96593682,28.64880664,17.44660307,29.11970864,28.16092713,17.05442158,29.14243465,27.03603759,12.74180124,32.20429299,27.79442586,12.32132487,32.28720749,28.03612325,12.51383947,29.427135,28.43299539,12.65790537,32.34791144,28.07444725,16.74303827,31.09976204,27.26725464,16.69243991,31.2651823,27.25340208,17.79983039,32.84472109,28.52034987,17.97877488,31.17046392,27.02979162,17.21341608,31.84011266,28.07358105,17.27412215,29.65771879,28.96200307,17.29147997,31.45921406,28.94786101,17.25288347,31.30538192,28.95817446,17.1672729,17.0068644,29.49684652,28.42550519,40.08120039,16.98778365,40.57676685,15.29319819,40.37437178,19.33631625,40.54944822,19.71329839,39.37195837,19.67340198,40.60357522,19.70927719,40.49006823,19.29153298,40.3232329,19.24138529,35.33453655,17.39458224,35.33679443,18.82011278,35.44117683,19.51733021,35.21857859,19.86700532,36.26406823,18.12838693,36.67235747,19.57054905,35.72710099,19.95443458,37.41110945,18.50971404,37.80525807,42.15981518,42.50897725,15.05117739,2
AAAAAA,AAAAAAX,F1234,1,5,3,xxxxxx_doe3_2,2026-03-24 03:55:45.708797+00:00,55:44.6,hcp-02,2026/3/24 11:55,8,10,150.7614926,151.402658,153.0920138,153.0731475,154.9863623,154.8903464,154.094423,153.0788903,158.9036569,156.5305546,153.5462392,152.6373818,150.3342471,149.4972311,149.7981745,149.1882692,577.9303865,284.9974081,0.159959276,148.9124308,157.6414905,1.312636257,17.1068461,33.88990913,28.96621774,17.33366431,32.96593682,28.64880664,17.44660307,29.11970864,28.16092713,17.05442158,29.14243465,27.03603759,12.74180124,32.20429299,27.79442586,12.32132487,32.28720749,28.03612325,12.51383947,29.427135,28.43299539,12.65790537,32.34791144,28.07444725,16.74303827,31.09976204,27.26725464,16.69243991,31.2651823,27.25340208,17.79983039,32.84472109,28.52034987,17.97877488,31.17046392,27.02979162,17.21341608,31.84011266,28.07358105,17.27412215,29.65771879,28.96200307,17.29147997,31.45921406,28.94786101,17.25288347,31.30538192,28.95817446,17.1672729,17.0068644,29.49684652,28.42550519,40.08120039,16.98778365,40.57676685,15.29319819,40.37437178,19.33631625,40.54944822,19.71329839,39.37195837,19.67340198,40.60357522,19.70927719,40.49006823,19.29153298,40.3232329,19.24138529,35.33453655,17.39458224,35.33679443,18.82011278,35.44117683,19.51733021,35.21857859,19.86700532,36.26406823,18.12838693,36.67235747,19.57054905,35.72710099,19.95443458,37.41110945,18.50971404,37.80525807,42.15981518,42.50897725,15.05117739,1
AAAAAA,AAAAAAX,F1234,1,5,3,xxxxxx_doe3_3,2026-03-24 03:55:52.166154+00:00,55:51.0,hcp-02,2026/3/24 11:55,9,10,150.7614926,151.402658,153.0920138,153.0731475,154.9863623,154.8903464,154.094423,153.0788903,158.9036569,156.5305546,153.5462392,152.6373818,150.3342471,149.4972311,149.7981745,149.1882692,577.9303865,284.9974081,0.965145022,148.3636391,157.5477365,1.312636257,17.1068461,33.88990913,28.96621774,17.33366431,32.96593682,28.64880664,17.44660307,29.11970864,28.16092713,17.05442158,29.14243465,27.03603759,12.74180124,32.20429299,27.79442586,12.32132487,32.28720749,28.03612325,12.51383947,29.427135,28.43299539,12.65790537,32.34791144,28.07444725,16.74303827,31.09976204,27.26725464,16.69243991,31.2651823,27.25340208,17.79983039,32.84472109,28.52034987,17.97877488,31.17046392,27.02979162,17.21341608,31.84011266,28.07358105,17.27412215,29.65771879,28.96200307,17.29147997,31.45921406,28.94786101,17.25288347,31.30538192,28.95817446,17.1672729,17.0068644,29.49684652,28.42550519,40.08120039,16.98778365,40.57676685,15.29319819,40.37437178,19.33631625,40.54944822,19.71329839,39.37195837,19.67340198,40.60357522,19.70927719,40.49006823,19.29153298,40.3232329,19.24138529,35.33453655,17.39458224,35.33679443,18.82011278,35.44117683,19.51733021,35.21857859,19.86700532,36.26406823,18.12838693,36.67235747,19.57054905,35.72710099,19.95443458,37.41110945,18.50971404,37.80525807,42.15981518,42.50897725,15.05117739,7
AAAAAA,AAAAAAX,F1234,1,5,3,xxxxxx_1_olm_1,2026-03-24 03:55:58.776334+00:00,55:57.7,hcp-02,2026/3/24 11:55,7,9,150.7614926,151.402658,153.0920138,153.0731475,154.9863623,154.8903464,154.094423,153.0788903,158.9036569,156.5305546,153.5462392,152.6373818,150.3342471,149.4972311,149.7981745,149.1882692,577.9303865,284.9974081,0.421623451,149.1836412,157.2589591,1.312636257,17.1068461,33.88990913,28.96621774,17.33366431,32.96593682,28.64880664,17.44660307,29.11970864,28.16092713,17.05442158,29.14243465,27.03603759,12.74180124,32.20429299,27.79442586,12.32132487,32.28720749,28.03612325,12.51383947,29.427135,28.43299539,12.65790537,32.34791144,28.07444725,16.74303827,31.09976204,27.26725464,16.69243991,31.2651823,27.25340208,17.79983039,32.84472109,28.52034987,17.97877488,31.17046392,27.02979162,17.21341608,31.84011266,28.07358105,17.27412215,29.65771879,28.96200307,17.29147997,31.45921406,28.94786101,17.25288347,31.30538192,28.95817446,17.1672729,17.0068644,29.49684652,28.42550519,40.08120039,16.98778365,40.57676685,15.29319819,40.37437178,19.33631625,40.54944822,19.71329839,39.37195837,19.67340198,40.60357522,19.70927719,40.49006823,19.29153298,40.3232329,19.24138529,35.33453655,17.39458224,35.33679443,18.82011278,35.44117683,19.51733021,35.21857859,19.86700532,36.26406823,18.12838693,36.67235747,19.57054905,35.72710099,19.95443458,37.41110945,18.50971404,37.80525807,42.15981518,42.50897725,15.05117739,2
AAAAAA,AAAAAAX,F1234,1,5,3,xxxxxx_1_olm_2,2026-03-24 03:56:04.811555+00:00,56:03.8,hcp-02,2026/3/24 11:56,8,9,150.7614926,151.402658,153.0920138,153.0731475,154.9863623,154.8903464,154.094423,153.0788903,158.9036569,156.5305546,153.5462392,152.6373818,150.3342471,149.4972311,149.7981745,149.1882692,577.9303865,284.9974081,0.657605139,149.5174725,157.5980014,1.312636257,17.1068461,33.88990913,28.96621774,17.33366431,32.96593682,28.64880664,17.44660307,29.11970864,28.16092713,17.05442158,29.14243465,27.03603759,12.74180124,32.20429299,27.79442586,12.32132487,32.28720749,28.03612325,12.51383947,29.427135,28.43299539,12.65790537,32.34791144,28.07444725,16.74303827,31.09976204,27.26725464,16.69243991,31.2651823,27.25340208,17.79983039,32.84472109,28.52034987,17.97877488,31.17046392,27.02979162,17.21341608,31.84011266,28.07358105,17.27412215,29.65771879,28.96200307,17.29147997,31.45921406,28.94786101,17.25288347,31.30538192,28.95817446,17.1672729,17.0068644,29.49684652,28.42550519,40.08120039,16.98778365,40.57676685,15.29319819,40.37437178,19.33631625,40.54944822,19.71329839,39.37195837,19.67340198,40.60357522,19.70927719,40.49006823,19.29153298,40.3232329,19.24138529,35.33453655,17.39458224,35.33679443,18.82011278,35.44117683,19.51733021,35.21857859,19.86700532,36.26406823,18.12838693,36.67235747,19.57054905,35.72710099,19.95443458,37.41110945,18.50971404,37.80525807,42.15981518,42.50897725,15.05117739,2
AAAAAA,AAAAAAX,F1234,1,5,3,xxxxxx_1_olm_3,2026-03-24 03:56:11.316635+00:00,56:10.3,hcp-02,2026/3/24 11:56,9,9,150.7614926,151.402658,153.0920138,153.0731475,154.9863623,154.8903464,154.094423,153.0788903,158.9036569,156.5305546,153.5462392,152.6373818,150.3342471,149.4972311,149.7981745,149.1882692,577.9303865,284.9974081,0.561692038,147.0984928,156.5399831,1.312636257,17.1068461,33.88990913,28.96621774,17.33366431,32.96593682,28.64880664,17.44660307,29.11970864,28.16092713,17.05442158,29.14243465,27.03603759,12.74180124,32.20429299,27.79442586,12.32132487,32.28720749,28.03612325,12.51383947,29.427135,28.43299539,12.65790537,32.34791144,28.07444725,16.74303827,31.09976204,27.26725464,16.69243991,31.2651823,27.25340208,17.79983039,32.84472109,28.52034987,17.97877488,31.17046392,27.02979162,17.21341608,31.84011266,28.07358105,17.27412215,29.65771879,28.96200307,17.29147997,31.45921406,28.94786101,17.25288347,31.30538192,28.95817446,17.1672729,17.0068644,29.49684652,28.42550519,40.08120039,16.98778365,40.57676685,15.29319819,40.37437178,19.33631625,40.54944822,19.71329839,39.37195837,19.67340198,40.60357522,19.70927719,40.49006823,19.29153298,40.3232329,19.24138529,35.33453655,17.39458224,35.33679443,18.82011278,35.44117683,19.51733021,35.21857859,19.86700532,36.26406823,18.12838693,36.67235747,19.57054905,35.72710099,19.95443458,37.41110945,18.50971404,37.80525807,42.15981518,42.50897725,15.05117739,1
AAAAAA,AAAAAAX,F1234,1,6,3,xxxxxx_doe3_1,2026-03-24 03:56:18.525393+00:00,56:17.3,hcp-02,2026/3/24 11:56,7,12,150.7614926,151.402658,153.0920138,153.0731475,154.9863623,154.8903464,154.094423,153.0788903,158.9036569,156.5305546,153.5462392,152.6373818,150.3342471,149.4972311,149.7981745,149.1882692,577.9303865,284.9974081,0.030981785,148.1015765,158.5441812,1.312636257,17.1068461,33.88990913,28.96621774,17.33366431,32.96593682,28.64880664,17.44660307,29.11970864,28.16092713,17.05442158,29.14243465,27.03603759,12.74180124,32.20429299,27.79442586,12.32132487,32.28720749,28.03612325,12.51383947,29.427135,28.43299539,12.65790537,32.34791144,28.07444725,16.74303827,31.09976204,27.26725464,16.69243991,31.2651823,27.25340208,17.79983039,32.84472109,28.52034987,17.97877488,31.17046392,27.02979162,17.21341608,31.84011266,28.07358105,17.27412215,29.65771879,28.96200307,17.29147997,31.45921406,28.94786101,17.25288347,31.30538192,28.95817446,17.1672729,17.0068644,29.49684652,28.42550519,40.08120039,16.98778365,40.57676685,15.29319819,40.37437178,19.33631625,40.54944822,19.71329839,39.37195837,19.67340198,40.60357522,19.70927719,40.49006823,19.29153298,40.3232329,19.24138529,35.33453655,17.39458224,35.33679443,18.82011278,35.44117683,19.51733021,35.21857859,19.86700532,36.26406823,18.12838693,36.67235747,19.57054905,35.72710099,19.95443458,37.41110945,18.50971404,37.80525807,42.15981518,42.50897725,15.05117739,1
AAAAAA,AAAAAAX,F1234,1,6,3,xxxxxx_doe3_2,2026-03-24 03:56:25.099253+00:00,56:24.0,hcp-02,2026/3/24 11:56,8,12,150.7614926,151.402658,153.0920138,153.0731475,154.9863623,154.8903464,154.094423,153.0788903,158.9036569,156.5305546,153.5462392,152.6373818,150.3342471,149.4972311,149.7981745,149.1882692,577.9303865,284.9974081,0.369694523,149.7892746,158.5865669,1.312636257,17.1068461,33.88990913,28.96621774,17.33366431,32.96593682,28.64880664,17.44660307,29.11970864,28.16092713,17.05442158,29.14243465,27.03603759,12.74180124,32.20429299,27.79442586,12.32132487,32.28720749,28.03612325,12.51383947,29.427135,28.43299539,12.65790537,32.34791144,28.07444725,16.74303827,31.09976204,27.26725464,16.69243991,31.2651823,27.25340208,17.79983039,32.84472109,28.52034987,17.97877488,31.17046392,27.02979162,17.21341608,31.84011266,28.07358105,17.27412215,29.65771879,28.96200307,17.29147997,31.45921406,28.94786101,17.25288347,31.30538192,28.95817446,17.1672729,17.0068644,29.49684652,28.42550519,40.08120039,16.98778365,40.57676685,15.29319819,40.37437178,19.33631625,40.54944822,19.71329839,39.37195837,19.67340198,40.60357522,19.70927719,40.49006823,19.29153298,40.3232329,19.24138529,35.33453655,17.39458224,35.33679443,18.82011278,35.44117683,19.51733021,35.21857859,19.86700532,36.26406823,18.12838693,36.67235747,19.57054905,35.72710099,19.95443458,37.41110945,18.50971404,37.80525807,42.15981518,42.50897725,15.05117739,1
AAAAAA,AAAAAAX,F1234,1,6,3,xxxxxx_doe3_3,2026-03-24 03:56:31.531076+00:00,56:30.5,hcp-02,2026/3/24 11:56,9,12,150.7614926,151.402658,153.0920138,153.0731475,154.9863623,154.8903464,154.094423,153.0788903,158.9036569,156.5305546,153.5462392,152.6373818,150.3342471,149.4972311,149.7981745,149.1882692,577.9303865,284.9974081,0.405057352,149.3305056,157.9763695,1.312636257,17.1068461,33.88990913,28.96621774,17.33366431,32.96593682,28.64880664,17.44660307,29.11970864,28.16092713,17.05442158,29.14243465,27.03603759,12.74180124,32.20429299,27.79442586,12.32132487,32.28720749,28.03612325,12.51383947,29.427135,28.43299539,12.65790537,32.34791144,28.07444725,16.74303827,31.09976204,27.26725464,16.69243991,31.2651823,27.25340208,17.79983039,32.84472109,28.52034987,17.97877488,31.17046392,27.02979162,17.21341608,31.84011266,28.07358105,17.27412215,29.65771879,28.96200307,17.29147997,31.45921406,28.94786101,17.25288347,31.30538192,28.95817446,17.1672729,17.0068644,29.49684652,28.42550519,40.08120039,16.98778365,40.57676685,15.29319819,40.37437178,19.33631625,40.54944822,19.71329839,39.37195837,19.67340198,40.60357522,19.70927719,40.49006823,19.29153298,40.3232329,19.24138529,35.33453655,17.39458224,35.33679443,18.82011278,35.44117683,19.51733021,35.21857859,19.86700532,36.26406823,18.12838693,36.67235747,19.57054905,35.72710099,19.95443458,37.41110945,18.50971404,37.80525807,42.15981518,42.50897725,15.05117739,2
AAAAAA,AAAAAAX,F1234,1,6,3,xxxxxx_1_olm_1,2026-03-24 03:56:37.553792+00:00,56:36.5,hcp-02,2026/3/24 11:56,7,11,150.7614926,151.402658,153.0920138,153.0731475,154.9863623,154.8903464,154.094423,153.0788903,158.9036569,156.5305546,153.5462392,152.6373818,150.3342471,149.4972311,149.7981745,149.1882692,577.9303865,284.9974081,0.688763639,149.1691519,158.0831455,1.312636257,17.1068461,33.88990913,28.96621774,17.33366431,32.96593682,28.64880664,17.44660307,29.11970864,28.16092713,17.05442158,29.14243465,27.03603759,12.74180124,32.20429299,27.79442586,12.32132487,32.28720749,28.03612325,12.51383947,29.427135,28.43299539,12.65790537,32.34791144,28.07444725,16.74303827,31.09976204,27.26725464,16.69243991,31.2651823,27.25340208,17.79983039,32.84472109,28.52034987,17.97877488,31.17046392,27.02979162,17.21341608,31.84011266,28.07358105,17.27412215,29.65771879,28.96200307,17.29147997,31.45921406,28.94786101,17.25288347,31.30538192,28.95817446,17.1672729,17.0068644,29.49684652,28.42550519,40.08120039,16.98778365,40.57676685,15.29319819,40.37437178,19.33631625,40.54944822,19.71329839,39.37195837,19.67340198,40.60357522,19.70927719,40.49006823,19.29153298,40.3232329,19.24138529,35.33453655,17.39458224,35.33679443,18.82011278,35.44117683,19.51733021,35.21857859,19.86700532,36.26406823,18.12838693,36.67235747,19.57054905,35.72710099,19.95443458,37.41110945,18.50971404,37.80525807,42.15981518,42.50897725,15.05117739,1
AAAAAA,AAAAAAX,F1234,1,6,3,xxxxxx_1_olm_2,2026-03-24 03:56:43.557060+00:00,56:42.3,hcp-02,2026/3/24 11:56,8,11,150.7614926,151.402658,153.0920138,153.0731475,154.9863623,154.8903464,154.094423,153.0788903,158.9036569,156.5305546,153.5462392,152.6373818,150.3342471,149.4972311,149.7981745,149.1882692,577.9303865,284.9974081,0.596269964,149.5299924,158.0074591,1.312636257,17.1068461,33.88990913,28.96621774,17.33366431,32.96593682,28.64880664,17.44660307,29.11970864,28.16092713,17.05442158,29.14243465,27.03603759,12.74180124,32.20429299,27.79442586,12.32132487,32.28720749,28.03612325,12.51383947,29.427135,28.43299539,12.65790537,32.34791144,28.07444725,16.74303827,31.09976204,27.26725464,16.69243991,31.2651823,27.25340208,17.79983039,32.84472109,28.52034987,17.97877488,31.17046392,27.02979162,17.21341608,31.84011266,28.07358105,17.27412215,29.65771879,28.96200307,17.29147997,31.45921406,28.94786101,17.25288347,31.30538192,28.95817446,17.1672729,17.0068644,29.49684652,28.42550519,40.08120039,16.98778365,40.57676685,15.29319819,40.37437178,19.33631625,40.54944822,19.71329839,39.37195837,19.67340198,40.60357522,19.70927719,40.49006823,19.29153298,40.3232329,19.24138529,35.33453655,17.39458224,35.33679443,18.82011278,35.44117683,19.51733021,35.21857859,19.86700532,36.26406823,18.12838693,36.67235747,19.57054905,35.72710099,19.95443458,37.41110945,18.50971404,37.80525807,42.15981518,42.50897725,15.05117739,1
AAAAAA,AAAAAAX,F1234,1,6,3,xxxxxx_1_olm_3,2026-03-24 03:56:49.422308+00:00,56:48.3,hcp-02,2026/3/24 11:56,9,11,150.7614926,151.402658,153.0920138,153.0731475,154.9863623,154.8903464,154.094423,153.0788903,158.9036569,156.5305546,153.5462392,152.6373818,150.3342471,149.4972311,149.7981745,149.1882692,577.9303865,284.9974081,0.988557435,148.0896597,156.5724775,1.312636257,17.1068461,33.88990913,28.96621774,17.33366431,32.96593682,28.64880664,17.44660307,29.11970864,28.16092713,17.05442158,29.14243465,27.03603759,12.74180124,32.20429299,27.79442586,12.32132487,32.28720749,28.03612325,12.51383947,29.427135,28.43299539,12.65790537,32.34791144,28.07444725,16.74303827,31.09976204,27.26725464,16.69243991,31.2651823,27.25340208,17.79983039,32.84472109,28.52034987,17.97877488,31.17046392,27.02979162,17.21341608,31.84011266,28.07358105,17.27412215,29.65771879,28.96200307,17.29147997,31.45921406,28.94786101,17.25288347,31.30538192,28.95817446,17.1672729,17.0068644,29.49684652,28.42550519,40.08120039,16.98778365,40.57676685,15.29319819,40.37437178,19.33631625,40.54944822,19.71329839,39.37195837,19.67340198,40.60357522,19.70927719,40.49006823,19.29153298,40.3232329,19.24138529,35.33453655,17.39458224,35.33679443,18.82011278,35.44117683,19.51733021,35.21857859,19.86700532,36.26406823,18.12838693,36.67235747,19.57054905,35.72710099,19.95443458,37.41110945,18.50971404,37.80525807,42.15981518,42.50897725,15.05117739,2
AAAAAA,AAAAAAX,F1234,1,7,3,xxxxxx_doe3_1,2026-03-24 03:57:06.062878+00:00,57:04.9,hcp-02,2026/3/24 11:57,7,14,150.7614926,151.402658,153.0920138,153.0731475,154.9863623,154.8903464,154.094423,153.0788903,158.9036569,156.5305546,153.5462392,152.6373818,150.3342471,149.4972311,149.7981745,149.1882692,577.9303865,284.9974081,0.502519891,149.4823422,158.3802897,1.312636257,17.1068461,33.88990913,28.96621774,17.33366431,32.96593682,28.64880664,17.44660307,29.11970864,28.16092713,17.05442158,29.14243465,27.03603759,12.74180124,32.20429299,27.79442586,12.32132487,32.28720749,28.03612325,12.51383947,29.427135,28.43299539,12.65790537,32.34791144,28.07444725,16.74303827,31.09976204,27.26725464,16.69243991,31.2651823,27.25340208,17.79983039,32.84472109,28.52034987,17.97877488,31.17046392,27.02979162,17.21341608,31.84011266,28.07358105,17.27412215,29.65771879,28.96200307,17.29147997,31.45921406,28.94786101,17.25288347,31.30538192,28.95817446,17.1672729,17.0068644,29.49684652,28.42550519,40.08120039,16.98778365,40.57676685,15.29319819,40.37437178,19.33631625,40.54944822,19.71329839,39.37195837,19.67340198,40.60357522,19.70927719,40.49006823,19.29153298,40.3232329,19.24138529,35.33453655,17.39458224,35.33679443,18.82011278,35.44117683,19.51733021,35.21857859,19.86700532,36.26406823,18.12838693,36.67235747,19.57054905,35.72710099,19.95443458,37.41110945,18.50971404,37.80525807,42.15981518,42.50897725,15.05117739,1
AAAAAA,AAAAAAX,F1234,1,7,3,xxxxxx_doe3_2,2026-03-24 03:57:11.921375+00:00,57:10.8,hcp-02,2026/3/24 11:57,8,14,150.7614926,151.402658,153.0920138,153.0731475,154.9863623,154.8903464,154.094423,153.0788903,158.9036569,156.5305546,153.5462392,152.6373818,150.3342471,149.4972311,149.7981745,149.1882692,577.9303865,284.9974081,0.893888541,149.7637341,159.0258608,1.312636257,17.1068461,33.88990913,28.96621774,17.33366431,32.96593682,28.64880664,17.44660307,29.11970864,28.16092713,17.05442158,29.14243465,27.03603759,12.74180124,32.20429299,27.79442586,12.32132487,32.28720749,28.03612325,12.51383947,29.427135,28.43299539,12.65790537,32.34791144,28.07444725,16.74303827,31.09976204,27.26725464,16.69243991,31.2651823,27.25340208,17.79983039,32.84472109,28.52034987,17.97877488,31.17046392,27.02979162,17.21341608,31.84011266,28.07358105,17.27412215,29.65771879,28.96200307,17.29147997,31.45921406,28.94786101,17.25288347,31.30538192,28.95817446,17.1672729,17.0068644,29.49684652,28.42550519,40.08120039,16.98778365,40.57676685,15.29319819,40.37437178,19.33631625,40.54944822,19.71329839,39.37195837,19.67340198,40.60357522,19.70927719,40.49006823,19.29153298,40.3232329,19.24138529,35.33453655,17.39458224,35.33679443,18.82011278,35.44117683,19.51733021,35.21857859,19.86700532,36.26406823,18.12838693,36.67235747,19.57054905,35.72710099,19.95443458,37.41110945,18.50971404,37.80525807,42.15981518,42.50897725,15.05117739,2
AAAAAA,AAAAAAX,F1234,1,7,3,xxxxxx_doe3_3,2026-03-24 03:57:18.226304+00:00,57:17.0,hcp-02,2026/3/24 11:57,9,14,150.7614926,151.402658,153.0920138,153.0731475,154.9863623,154.8903464,154.094423,153.0788903,158.9036569,156.5305546,153.5462392,152.6373818,150.3342471,149.4972311,149.7981745,149.1882692,577.9303865,284.9974081,0.322872794,149.6883123,158.1303477,1.312636257,17.1068461,33.88990913,28.96621774,17.33366431,32.96593682,28.64880664,17.44660307,29.11970864,28.16092713,17.05442158,29.14243465,27.03603759,12.74180124,32.20429299,27.79442586,12.32132487,32.28720749,28.03612325,12.51383947,29.427135,28.43299539,12.65790537,32.34791144,28.07444725,16.74303827,31.09976204,27.26725464,16.69243991,31.2651823,27.25340208,17.79983039,32.84472109,28.52034987,17.97877488,31.17046392,27.02979162,17.21341608,31.84011266,28.07358105,17.27412215,29.65771879,28.96200307,17.29147997,31.45921406,28.94786101,17.25288347,31.30538192,28.95817446,17.1672729,17.0068644,29.49684652,28.42550519,40.08120039,16.98778365,40.57676685,15.29319819,40.37437178,19.33631625,40.54944822,19.71329839,39.37195837,19.67340198,40.60357522,19.70927719,40.49006823,19.29153298,40.3232329,19.24138529,35.33453655,17.39458224,35.33679443,18.82011278,35.44117683,19.51733021,35.21857859,19.86700532,36.26406823,18.12838693,36.67235747,19.57054905,35.72710099,19.95443458,37.41110945,18.50971404,37.80525807,42.15981518,42.50897725,15.05117739,2
AAAAAA,AAAAAAX,F1234,1,7,3,xxxxxx_1_olm_1,2026-03-24 03:57:24.918047+00:00,57:23.9,hcp-02,2026/3/24 11:57,7,13,150.7614926,151.402658,153.0920138,153.0731475,154.9863623,154.8903464,154.094423,153.0788903,158.9036569,156.5305546,153.5462392,152.6373818,150.3342471,149.4972311,149.7981745,149.1882692,577.9303865,284.9974081,0.614949544,149.8720212,158.8616507,1.312636257,17.1068461,33.88990913,28.96621774,17.33366431,32.96593682,28.64880664,17.44660307,29.11970864,28.16092713,17.05442158,29.14243465,27.03603759,12.74180124,32.20429299,27.79442586,12.32132487,32.28720749,28.03612325,12.51383947,29.427135,28.43299539,12.65790537,32.34791144,28.07444725,16.74303827,31.09976204,27.26725464,16.69243991,31.2651823,27.25340208,17.79983039,32.84472109,28.52034987,17.97877488,31.17046392,27.02979162,17.21341608,31.84011266,28.07358105,17.27412215,29.65771879,28.96200307,17.29147997,31.45921406,28.94786101,17.25288347,31.30538192,28.95817446,17.1672729,17.0068644,29.49684652,28.42550519,40.08120039,16.98778365,40.57676685,15.29319819,40.37437178,19.33631625,40.54944822,19.71329839,39.37195837,19.67340198,40.60357522,19.70927719,40.49006823,19.29153298,40.3232329,19.24138529,35.33453655,17.39458224,35.33679443,18.82011278,35.44117683,19.51733021,35.21857859,19.86700532,36.26406823,18.12838693,36.67235747,19.57054905,35.72710099,19.95443458,37.41110945,18.50971404,37.80525807,42.15981518,42.50897725,15.05117739,1
AAAAAA,AAAAAAX,F1234,1,7,3,xxxxxx_1_olm_2,2026-03-24 03:57:30.606897+00:00,57:29.6,hcp-02,2026/3/24 11:57,8,13,150.7614926,151.402658,153.0920138,153.0731475,154.9863623,154.8903464,154.094423,153.0788903,158.9036569,156.5305546,153.5462392,152.6373818,150.3342471,149.4972311,149.7981745,149.1882692,577.9303865,284.9974081,0.41414265,150.379929,158.7222323,1.312636257,17.1068461,33.88990913,28.96621774,17.33366431,32.96593682,28.64880664,17.44660307,29.11970864,28.16092713,17.05442158,29.14243465,27.03603759,12.74180124,32.20429299,27.79442586,12.32132487,32.28720749,28.03612325,12.51383947,29.427135,28.43299539,12.65790537,32.34791144,28.07444725,16.74303827,31.09976204,27.26725464,16.69243991,31.2651823,27.25340208,17.79983039,32.84472109,28.52034987,17.97877488,31.17046392,27.02979162,17.21341608,31.84011266,28.07358105,17.27412215,29.65771879,28.96200307,17.29147997,31.45921406,28.94786101,17.25288347,31.30538192,28.95817446,17.1672729,17.0068644,29.49684652,28.42550519,40.08120039,16.98778365,40.57676685,15.29319819,40.37437178,19.33631625,40.54944822,19.71329839,39.37195837,19.67340198,40.60357522,19.70927719,40.49006823,19.29153298,40.3232329,19.24138529,35.33453655,17.39458224,35.33679443,18.82011278,35.44117683,19.51733021,35.21857859,19.86700532,36.26406823,18.12838693,36.67235747,19.57054905,35.72710099,19.95443458,37.41110945,18.50971404,37.80525807,42.15981518,42.50897725,15.05117739,2
AAAAAA,AAAAAAX,F1234,1,7,3,xxxxxx_1_olm_3,2026-03-24 03:57:36.631569+00:00,57:35.5,hcp-02,2026/3/24 11:57,9,13,150.7614926,151.402658,153.0920138,153.0731475,154.9863623,154.8903464,154.094423,153.0788903,158.9036569,156.5305546,153.5462392,152.6373818,150.3342471,149.4972311,149.7981745,149.1882692,577.9303865,284.9974081,0.357824985,149.9515914,158.3832403,1.312636257,17.1068461,33.88990913,28.96621774,17.33366431,32.96593682,28.64880664,17.44660307,29.11970864,28.16092713,17.05442158,29.14243465,27.03603759,12.74180124,32.20429299,27.79442586,12.32132487,32.28720749,28.03612325,12.51383947,29.427135,28.43299539,12.65790537,32.34791144,28.07444725,16.74303827,31.09976204,27.26725464,16.69243991,31.2651823,27.25340208,17.79983039,32.84472109,28.52034987,17.97877488,31.17046392,27.02979162,17.21341608,31.84011266,28.07358105,17.27412215,29.65771879,28.96200307,17.29147997,31.45921406,28.94786101,17.25288347,31.30538192,28.95817446,17.1672729,17.0068644,29.49684652,28.42550519,40.08120039,16.98778365,40.57676685,15.29319819,40.37437178,19.33631625,40.54944822,19.71329839,39.37195837,19.67340198,40.60357522,19.70927719,40.49006823,19.29153298,40.3232329,19.24138529,35.33453655,17.39458224,35.33679443,18.82011278,35.44117683,19.51733021,35.21857859,19.86700532,36.26406823,18.12838693,36.67235747,19.57054905,35.72710099,19.95443458,37.41110945,18.50971404,37.80525807,42.15981518,42.50897725,15.05117739,1
AAAAAA,AAAAAAX,F1234,1,2,4,xxxxxx_doe3_1,2026-03-24 03:57:54.183084+00:00,57:53.2,hcp-02,2026/3/24 11:57,10,4,150.7614926,151.402658,153.0920138,153.0731475,154.9863623,154.8903464,154.094423,153.0788903,158.9036569,156.5305546,153.5462392,152.6373818,150.3342471,149.4972311,149.7981745,149.1882692,577.9303865,284.9974081,0.101404642,148.922161,157.6673519,1.312636257,17.1068461,33.88990913,28.96621774,17.33366431,32.96593682,28.64880664,17.44660307,29.11970864,28.16092713,17.05442158,29.14243465,27.03603759,12.74180124,32.20429299,27.79442586,12.32132487,32.28720749,28.03612325,12.51383947,29.427135,28.43299539,12.65790537,32.34791144,28.07444725,16.74303827,31.09976204,27.26725464,16.69243991,31.2651823,27.25340208,17.79983039,32.84472109,28.52034987,17.97877488,31.17046392,27.02979162,17.21341608,31.84011266,28.07358105,17.27412215,29.65771879,28.96200307,17.29147997,31.45921406,28.94786101,17.25288347,31.30538192,28.95817446,17.1672729,17.0068644,29.49684652,28.42550519,40.08120039,16.98778365,40.57676685,15.29319819,40.37437178,19.33631625,40.54944822,19.71329839,39.37195837,19.67340198,40.60357522,19.70927719,40.49006823,19.29153298,40.3232329,19.24138529,35.33453655,17.39458224,35.33679443,18.82011278,35.44117683,19.51733021,35.21857859,19.86700532,36.26406823,18.12838693,36.67235747,19.57054905,35.72710099,19.95443458,37.41110945,18.50971404,37.80525807,42.15981518,42.50897725,15.05117739,1
AAAAAA,AAAAAAX,F1234,1,2,4,xxxxxx_doe3_2,2026-03-24 03:58:09.916827+00:00,58:08.9,hcp-02,2026/3/24 11:58,11,4,150.7614926,151.402658,153.0920138,153.0731475,154.9863623,154.8903464,154.094423,153.0788903,158.9036569,156.5305546,153.5462392,152.6373818,150.3342471,149.4972311,149.7981745,149.1882692,577.9303865,284.9974081,0.155423544,148.5436459,157.974067,1.312636257,17.1068461,33.88990913,28.96621774,17.33366431,32.96593682,28.64880664,17.44660307,29.11970864,28.16092713,17.05442158,29.14243465,27.03603759,12.74180124,32.20429299,27.79442586,12.32132487,32.28720749,28.03612325,12.51383947,29.427135,28.43299539,12.65790537,32.34791144,28.07444725,16.74303827,31.09976204,27.26725464,16.69243991,31.2651823,27.25340208,17.79983039,32.84472109,28.52034987,17.97877488,31.17046392,27.02979162,17.21341608,31.84011266,28.07358105,17.27412215,29.65771879,28.96200307,17.29147997,31.45921406,28.94786101,17.25288347,31.30538192,28.95817446,17.1672729,17.0068644,29.49684652,28.42550519,40.08120039,16.98778365,40.57676685,15.29319819,40.37437178,19.33631625,40.54944822,19.71329839,39.37195837,19.67340198,40.60357522,19.70927719,40.49006823,19.29153298,40.3232329,19.24138529,35.33453655,17.39458224,35.33679443,18.82011278,35.44117683,19.51733021,35.21857859,19.86700532,36.26406823,18.12838693,36.67235747,19.57054905,35.72710099,19.95443458,37.41110945,18.50971404,37.80525807,42.15981518,42.50897725,15.05117739,1
AAAAAA,AAAAAAX,F1234,1,2,4,xxxxxx_doe3_3,2026-03-24 03:58:15.899988+00:00,58:14.7,hcp-02,2026/3/24 11:58,12,4,150.7614926,151.402658,153.0920138,153.0731475,154.9863623,154.8903464,154.094423,153.0788903,158.9036569,156.5305546,153.5462392,152.6373818,150.3342471,149.4972311,149.7981745,149.1882692,577.9303865,284.9974081,0.115515426,147.2143312,156.152137,1.312636257,17.1068461,33.88990913,28.96621774,17.33366431,32.96593682,28.64880664,17.44660307,29.11970864,28.16092713,17.05442158,29.14243465,27.03603759,12.74180124,32.20429299,27.79442586,12.32132487,32.28720749,28.03612325,12.51383947,29.427135,28.43299539,12.65790537,32.34791144,28.07444725,16.74303827,31.09976204,27.26725464,16.69243991,31.2651823,27.25340208,17.79983039,32.84472109,28.52034987,17.97877488,31.17046392,27.02979162,17.21341608,31.84011266,28.07358105,17.27412215,29.65771879,28.96200307,17.29147997,31.45921406,28.94786101,17.25288347,31.30538192,28.95817446,17.1672729,17.0068644,29.49684652,28.42550519,40.08120039,16.98778365,40.57676685,15.29319819,40.37437178,19.33631625,40.54944822,19.71329839,39.37195837,19.67340198,40.60357522,19.70927719,40.49006823,19.29153298,40.3232329,19.24138529,35.33453655,17.39458224,35.33679443,18.82011278,35.44117683,19.51733021,35.21857859,19.86700532,36.26406823,18.12838693,36.67235747,19.57054905,35.72710099,19.95443458,37.41110945,18.50971404,37.80525807,42.15981518,42.50897725,15.05117739,2
AAAAAA,AAAAAAX,F1234,1,2,4,xxxxxx_1_olm_1,2026-03-24 03:58:21.847049+00:00,58:20.7,hcp-02,2026/3/24 11:58,10,3,150.7614926,151.402658,153.0920138,153.0731475,154.9863623,154.8903464,154.094423,153.0788903,158.9036569,156.5305546,153.5462392,152.6373818,150.3342471,149.4972311,149.7981745,149.1882692,577.9303865,284.9974081,0.208566955,150.7188768,158.8781229,1.312636257,17.1068461,33.88990913,28.96621774,17.33366431,32.96593682,28.64880664,17.44660307,29.11970864,28.16092713,17.05442158,29.14243465,27.03603759,12.74180124,32.20429299,27.79442586,12.32132487,32.28720749,28.03612325,12.51383947,29.427135,28.43299539,12.65790537,32.34791144,28.07444725,16.74303827,31.09976204,27.26725464,16.69243991,31.2651823,27.25340208,17.79983039,32.84472109,28.52034987,17.97877488,31.17046392,27.02979162,17.21341608,31.84011266,28.07358105,17.27412215,29.65771879,28.96200307,17.29147997,31.45921406,28.94786101,17.25288347,31.30538192,28.95817446,17.1672729,17.0068644,29.49684652,28.42550519,40.08120039,16.98778365,40.57676685,15.29319819,40.37437178,19.33631625,40.54944822,19.71329839,39.37195837,19.67340198,40.60357522,19.70927719,40.49006823,19.29153298,40.3232329,19.24138529,35.33453655,17.39458224,35.33679443,18.82011278,35.44117683,19.51733021,35.21857859,19.86700532,36.26406823,18.12838693,36.67235747,19.57054905,35.72710099,19.95443458,37.41110945,18.50971404,37.80525807,42.15981518,42.50897725,15.05117739,1
AAAAAA,AAAAAAX,F1234,1,2,4,xxxxxx_1_olm_2,2026-03-24 03:58:27.665106+00:00,58:26.6,hcp-02,2026/3/24 11:58,11,3,150.7614926,151.402658,153.0920138,153.0731475,154.9863623,154.8903464,154.094423,153.0788903,158.9036569,156.5305546,153.5462392,152.6373818,150.3342471,149.4972311,149.7981745,149.1882692,577.9303865,284.9974081,0.844934488,149.9439834,158.8274658,1.312636257,17.1068461,33.88990913,28.96621774,17.33366431,32.96593682,28.64880664,17.44660307,29.11970864,28.16092713,17.05442158,29.14243465,27.03603759,12.74180124,32.20429299,27.79442586,12.32132487,32.28720749,28.03612325,12.51383947,29.427135,28.43299539,12.65790537,32.34791144,28.07444725,16.74303827,31.09976204,27.26725464,16.69243991,31.2651823,27.25340208,17.79983039,32.84472109,28.52034987,17.97877488,31.17046392,27.02979162,17.21341608,31.84011266,28.07358105,17.27412215,29.65771879,28.96200307,17.29147997,31.45921406,28.94786101,17.25288347,31.30538192,28.95817446,17.1672729,17.0068644,29.49684652,28.42550519,40.08120039,16.98778365,40.57676685,15.29319819,40.37437178,19.33631625,40.54944822,19.71329839,39.37195837,19.67340198,40.60357522,19.70927719,40.49006823,19.29153298,40.3232329,19.24138529,35.33453655,17.39458224,35.33679443,18.82011278,35.44117683,19.51733021,35.21857859,19.86700532,36.26406823,18.12838693,36.67235747,19.57054905,35.72710099,19.95443458,37.41110945,18.50971404,37.80525807,42.15981518,42.50897725,15.05117739,2
AAAAAA,AAAAAAX,F1234,1,2,4,xxxxxx_1_olm_3,2026-03-24 03:58:33.728469+00:00,58:32.7,hcp-02,2026/3/24 11:58,12,3,150.7614926,151.402658,153.0920138,153.0731475,154.9863623,154.8903464,154.094423,153.0788903,158.9036569,156.5305546,153.5462392,152.6373818,150.3342471,149.4972311,149.7981745,149.1882692,577.9303865,284.9974081,0.313262125,148.6511107,156.960622,1.312636257,17.1068461,33.88990913,28.96621774,17.33366431,32.96593682,28.64880664,17.44660307,29.11970864,28.16092713,17.05442158,29.14243465,27.03603759,12.74180124,32.20429299,27.79442586,12.32132487,32.28720749,28.03612325,12.51383947,29.427135,28.43299539,12.65790537,32.34791144,28.07444725,16.74303827,31.09976204,27.26725464,16.69243991,31.2651823,27.25340208,17.79983039,32.84472109,28.52034987,17.97877488,31.17046392,27.02979162,17.21341608,31.84011266,28.07358105,17.27412215,29.65771879,28.96200307,17.29147997,31.45921406,28.94786101,17.25288347,31.30538192,28.95817446,17.1672729,17.0068644,29.49684652,28.42550519,40.08120039,16.98778365,40.57676685,15.29319819,40.37437178,19.33631625,40.54944822,19.71329839,39.37195837,19.67340198,40.60357522,19.70927719,40.49006823,19.29153298,40.3232329,19.24138529,35.33453655,17.39458224,35.33679443,18.82011278,35.44117683,19.51733021,35.21857859,19.86700532,36.26406823,18.12838693,36.67235747,19.57054905,35.72710099,19.95443458,37.41110945,18.50971404,37.80525807,42.15981518,42.50897725,15.05117739,1
AAAAAA,AAAAAAX,F1234,1,3,4,xxxxxx_doe3_1,2026-03-24 03:58:41.154039+00:00,58:40.1,hcp-02,2026/3/24 11:58,10,6,150.7614926,151.402658,153.0920138,153.0731475,154.9863623,154.8903464,154.094423,153.0788903,158.9036569,156.5305546,153.5462392,152.6373818,150.3342471,149.4972311,149.7981745,149.1882692,577.9303865,284.9974081,0.616369322,147.1474977,157.1413353,1.312636257,17.1068461,33.88990913,28.96621774,17.33366431,32.96593682,28.64880664,17.44660307,29.11970864,28.16092713,17.05442158,29.14243465,27.03603759,12.74180124,32.20429299,27.79442586,12.32132487,32.28720749,28.03612325,12.51383947,29.427135,28.43299539,12.65790537,32.34791144,28.07444725,16.74303827,31.09976204,27.26725464,16.69243991,31.2651823,27.25340208,17.79983039,32.84472109,28.52034987,17.97877488,31.17046392,27.02979162,17.21341608,31.84011266,28.07358105,17.27412215,29.65771879,28.96200307,17.29147997,31.45921406,28.94786101,17.25288347,31.30538192,28.95817446,17.1672729,17.0068644,29.49684652,28.42550519,40.08120039,16.98778365,40.57676685,15.29319819,40.37437178,19.33631625,40.54944822,19.71329839,39.37195837,19.67340198,40.60357522,19.70927719,40.49006823,19.29153298,40.3232329,19.24138529,35.33453655,17.39458224,35.33679443,18.82011278,35.44117683,19.51733021,35.21857859,19.86700532,36.26406823,18.12838693,36.67235747,19.57054905,35.72710099,19.95443458,37.41110945,18.50971404,37.80525807,42.15981518,42.50897725,15.05117739,2
AAAAAA,AAAAAAX,F1234,1,3,4,xxxxxx_doe3_2,2026-03-24 03:58:48.173976+00:00,58:47.0,hcp-02,2026/3/24 11:58,11,6,150.7614926,151.402658,153.0920138,153.0731475,154.9863623,154.8903464,154.094423,153.0788903,158.9036569,156.5305546,153.5462392,152.6373818,150.3342471,149.4972311,149.7981745,149.1882692,577.9303865,284.9974081,0.851139846,147.0655563,156.4574519,1.312636257,17.1068461,33.88990913,28.96621774,17.33366431,32.96593682,28.64880664,17.44660307,29.11970864,28.16092713,17.05442158,29.14243465,27.03603759,12.74180124,32.20429299,27.79442586,12.32132487,32.28720749,28.03612325,12.51383947,29.427135,28.43299539,12.65790537,32.34791144,28.07444725,16.74303827,31.09976204,27.26725464,16.69243991,31.2651823,27.25340208,17.79983039,32.84472109,28.52034987,17.97877488,31.17046392,27.02979162,17.21341608,31.84011266,28.07358105,17.27412215,29.65771879,28.96200307,17.29147997,31.45921406,28.94786101,17.25288347,31.30538192,28.95817446,17.1672729,17.0068644,29.49684652,28.42550519,40.08120039,16.98778365,40.57676685,15.29319819,40.37437178,19.33631625,40.54944822,19.71329839,39.37195837,19.67340198,40.60357522,19.70927719,40.49006823,19.29153298,40.3232329,19.24138529,35.33453655,17.39458224,35.33679443,18.82011278,35.44117683,19.51733021,35.21857859,19.86700532,36.26406823,18.12838693,36.67235747,19.57054905,35.72710099,19.95443458,37.41110945,18.50971404,37.80525807,42.15981518,42.50897725,15.05117739,1
AAAAAA,AAAAAAX,F1234,1,3,4,xxxxxx_doe3_3,2026-03-24 03:58:53.666826+00:00,58:52.6,hcp-02,2026/3/24 11:58,12,6,150.7614926,151.402658,153.0920138,153.0731475,154.9863623,154.8903464,154.094423,153.0788903,158.9036569,156.5305546,153.5462392,152.6373818,150.3342471,149.4972311,149.7981745,149.1882692,577.9303865,284.9974081,0.542193347,147.6288873,156.7801815,1.312636257,17.1068461,33.88990913,28.96621774,17.33366431,32.96593682,28.64880664,17.44660307,29.11970864,28.16092713,17.05442158,29.14243465,27.03603759,12.74180124,32.20429299,27.79442586,12.32132487,32.28720749,28.03612325,12.51383947,29.427135,28.43299539,12.65790537,32.34791144,28.07444725,16.74303827,31.09976204,27.26725464,16.69243991,31.2651823,27.25340208,17.79983039,32.84472109,28.52034987,17.97877488,31.17046392,27.02979162,17.21341608,31.84011266,28.07358105,17.27412215,29.65771879,28.96200307,17.29147997,31.45921406,28.94786101,17.25288347,31.30538192,28.95817446,17.1672729,17.0068644,29.49684652,28.42550519,40.08120039,16.98778365,40.57676685,15.29319819,40.37437178,19.33631625,40.54944822,19.71329839,39.37195837,19.67340198,40.60357522,19.70927719,40.49006823,19.29153298,40.3232329,19.24138529,35.33453655,17.39458224,35.33679443,18.82011278,35.44117683,19.51733021,35.21857859,19.86700532,36.26406823,18.12838693,36.67235747,19.57054905,35.72710099,19.95443458,37.41110945,18.50971404,37.80525807,42.15981518,42.50897725,15.05117739,7
AAAAAA,AAAAAAX,F1234,1,3,4,xxxxxx_1_olm_1,2026-03-24 03:58:59.908594+00:00,58:58.9,hcp-02,2026/3/24 11:59,10,5,150.7614926,151.402658,153.0920138,153.0731475,154.9863623,154.8903464,154.094423,153.0788903,158.9036569,156.5305546,153.5462392,152.6373818,150.3342471,149.4972311,149.7981745,149.1882692,577.9303865,284.9974081,0.322664298,149.9115551,157.5817499,1.312636257,17.1068461,33.88990913,28.96621774,17.33366431,32.96593682,28.64880664,17.44660307,29.11970864,28.16092713,17.05442158,29.14243465,27.03603759,12.74180124,32.20429299,27.79442586,12.32132487,32.28720749,28.03612325,12.51383947,29.427135,28.43299539,12.65790537,32.34791144,28.07444725,16.74303827,31.09976204,27.26725464,16.69243991,31.2651823,27.25340208,17.79983039,32.84472109,28.52034987,17.97877488,31.17046392,27.02979162,17.21341608,31.84011266,28.07358105,17.27412215,29.65771879,28.96200307,17.29147997,31.45921406,28.94786101,17.25288347,31.30538192,28.95817446,17.1672729,17.0068644,29.49684652,28.42550519,40.08120039,16.98778365,40.57676685,15.29319819,40.37437178,19.33631625,40.54944822,19.71329839,39.37195837,19.67340198,40.60357522,19.70927719,40.49006823,19.29153298,40.3232329,19.24138529,35.33453655,17.39458224,35.33679443,18.82011278,35.44117683,19.51733021,35.21857859,19.86700532,36.26406823,18.12838693,36.67235747,19.57054905,35.72710099,19.95443458,37.41110945,18.50971404,37.80525807,42.15981518,42.50897725,15.05117739,2
AAAAAA,AAAAAAX,F1234,1,3,4,xxxxxx_1_olm_2,2026-03-24 03:59:15.123584+00:00,59:14.0,hcp-02,2026/3/24 11:59,11,5,150.7614926,151.402658,153.0920138,153.0731475,154.9863623,154.8903464,154.094423,153.0788903,158.9036569,156.5305546,153.5462392,152.6373818,150.3342471,149.4972311,149.7981745,149.1882692,577.9303865,284.9974081,0.443846098,148.8106751,157.7569868,1.312636257,17.1068461,33.88990913,28.96621774,17.33366431,32.96593682,28.64880664,17.44660307,29.11970864,28.16092713,17.05442158,29.14243465,27.03603759,12.74180124,32.20429299,27.79442586,12.32132487,32.28720749,28.03612325,12.51383947,29.427135,28.43299539,12.65790537,32.34791144,28.07444725,16.74303827,31.09976204,27.26725464,16.69243991,31.2651823,27.25340208,17.79983039,32.84472109,28.52034987,17.97877488,31.17046392,27.02979162,17.21341608,31.84011266,28.07358105,17.27412215,29.65771879,28.96200307,17.29147997,31.45921406,28.94786101,17.25288347,31.30538192,28.95817446,17.1672729,17.0068644,29.49684652,28.42550519,40.08120039,16.98778365,40.57676685,15.29319819,40.37437178,19.33631625,40.54944822,19.71329839,39.37195837,19.67340198,40.60357522,19.70927719,40.49006823,19.29153298,40.3232329,19.24138529,35.33453655,17.39458224,35.33679443,18.82011278,35.44117683,19.51733021,35.21857859,19.86700532,36.26406823,18.12838693,36.67235747,19.57054905,35.72710099,19.95443458,37.41110945,18.50971404,37.80525807,42.15981518,42.50897725,15.05117739,1
AAAAAA,AAAAAAX,F1234,1,3,4,xxxxxx_1_olm_3,2026-03-24 03:59:21.420462+00:00,59:20.4,hcp-02,2026/3/24 11:59,12,5,150.7614926,151.402658,153.0920138,153.0731475,154.9863623,154.8903464,154.094423,153.0788903,158.9036569,156.5305546,153.5462392,152.6373818,150.3342471,149.4972311,149.7981745,149.1882692,577.9303865,284.9974081,0.198492557,147.5366791,155.9989825,1.312636257,17.1068461,33.88990913,28.96621774,17.33366431,32.96593682,28.64880664,17.44660307,29.11970864,28.16092713,17.05442158,29.14243465,27.03603759,12.74180124,32.20429299,27.79442586,12.32132487,32.28720749,28.03612325,12.51383947,29.427135,28.43299539,12.65790537,32.34791144,28.07444725,16.74303827,31.09976204,27.26725464,16.69243991,31.2651823,27.25340208,17.79983039,32.84472109,28.52034987,17.97877488,31.17046392,27.02979162,17.21341608,31.84011266,28.07358105,17.27412215,29.65771879,28.96200307,17.29147997,31.45921406,28.94786101,17.25288347,31.30538192,28.95817446,17.1672729,17.0068644,29.49684652,28.42550519,40.08120039,16.98778365,40.57676685,15.29319819,40.37437178,19.33631625,40.54944822,19.71329839,39.37195837,19.67340198,40.60357522,19.70927719,40.49006823,19.29153298,40.3232329,19.24138529,35.33453655,17.39458224,35.33679443,18.82011278,35.44117683,19.51733021,35.21857859,19.86700532,36.26406823,18.12838693,36.67235747,19.57054905,35.72710099,19.95443458,37.41110945,18.50971404,37.80525807,42.15981518,42.50897725,15.05117739,2
AAAAAA,AAAAAAX,F1234,1,4,4,xxxxxx_doe3_1,2026-03-24 03:59:27.585841+00:00,59:26.5,hcp-02,2026/3/24 11:59,10,8,150.7614926,151.402658,153.0920138,153.0731475,154.9863623,154.8903464,154.094423,153.0788903,158.9036569,156.5305546,153.5462392,152.6373818,150.3342471,149.4972311,149.7981745,149.1882692,577.9303865,284.9974081,0.124185777,147.8662238,157.2678987,1.312636257,17.1068461,33.88990913,28.96621774,17.33366431,32.96593682,28.64880664,17.44660307,29.11970864,28.16092713,17.05442158,29.14243465,27.03603759,12.74180124,32.20429299,27.79442586,12.32132487,32.28720749,28.03612325,12.51383947,29.427135,28.43299539,12.65790537,32.34791144,28.07444725,16.74303827,31.09976204,27.26725464,16.69243991,31.2651823,27.25340208,17.79983039,32.84472109,28.52034987,17.97877488,31.17046392,27.02979162,17.21341608,31.84011266,28.07358105,17.27412215,29.65771879,28.96200307,17.29147997,31.45921406,28.94786101,17.25288347,31.30538192,28.95817446,17.1672729,17.0068644,29.49684652,28.42550519,40.08120039,16.98778365,40.57676685,15.29319819,40.37437178,19.33631625,40.54944822,19.71329839,39.37195837,19.67340198,40.60357522,19.70927719,40.49006823,19.29153298,40.3232329,19.24138529,35.33453655,17.39458224,35.33679443,18.82011278,35.44117683,19.51733021,35.21857859,19.86700532,36.26406823,18.12838693,36.67235747,19.57054905,35.72710099,19.95443458,37.41110945,18.50971404,37.80525807,42.15981518,42.50897725,15.05117739,7
AAAAAA,AAAAAAX,F1234,1,4,4,xxxxxx_doe3_2,2026-03-24 03:59:32.878838+00:00,59:31.9,hcp-02,2026/3/24 11:59,11,8,150.7614926,151.402658,153.0920138,153.0731475,154.9863623,154.8903464,154.094423,153.0788903,158.9036569,156.5305546,153.5462392,152.6373818,150.3342471,149.4972311,149.7981745,149.1882692,577.9303865,284.9974081,0.459322453,148.0063245,156.0342581,1.312636257,17.1068461,33.88990913,28.96621774,17.33366431,32.96593682,28.64880664,17.44660307,29.11970864,28.16092713,17.05442158,29.14243465,27.03603759,12.74180124,32.20429299,27.79442586,12.32132487,32.28720749,28.03612325,12.51383947,29.427135,28.43299539,12.65790537,32.34791144,28.07444725,16.74303827,31.09976204,27.26725464,16.69243991,31.2651823,27.25340208,17.79983039,32.84472109,28.52034987,17.97877488,31.17046392,27.02979162,17.21341608,31.84011266,28.07358105,17.27412215,29.65771879,28.96200307,17.29147997,31.45921406,28.94786101,17.25288347,31.30538192,28.95817446,17.1672729,17.0068644,29.49684652,28.42550519,40.08120039,16.98778365,40.57676685,15.29319819,40.37437178,19.33631625,40.54944822,19.71329839,39.37195837,19.67340198,40.60357522,19.70927719,40.49006823,19.29153298,40.3232329,19.24138529,35.33453655,17.39458224,35.33679443,18.82011278,35.44117683,19.51733021,35.21857859,19.86700532,36.26406823,18.12838693,36.67235747,19.57054905,35.72710099,19.95443458,37.41110945,18.50971404,37.80525807,42.15981518,42.50897725,15.05117739,7
AAAAAA,AAAAAAX,F1234,1,4,4,xxxxxx_doe3_3,2026-03-24 03:59:38.519006+00:00,59:37.5,hcp-02,2026/3/24 11:59,12,8,150.7614926,151.402658,153.0920138,153.0731475,154.9863623,154.8903464,154.094423,153.0788903,158.9036569,156.5305546,153.5462392,152.6373818,150.3342471,149.4972311,149.7981745,149.1882692,577.9303865,284.9974081,0.62876825,147.2761517,155.5196302,1.312636257,17.1068461,33.88990913,28.96621774,17.33366431,32.96593682,28.64880664,17.44660307,29.11970864,28.16092713,17.05442158,29.14243465,27.03603759,12.74180124,32.20429299,27.79442586,12.32132487,32.28720749,28.03612325,12.51383947,29.427135,28.43299539,12.65790537,32.34791144,28.07444725,16.74303827,31.09976204,27.26725464,16.69243991,31.2651823,27.25340208,17.79983039,32.84472109,28.52034987,17.97877488,31.17046392,27.02979162,17.21341608,31.84011266,28.07358105,17.27412215,29.65771879,28.96200307,17.29147997,31.45921406,28.94786101,17.25288347,31.30538192,28.95817446,17.1672729,17.0068644,29.49684652,28.42550519,40.08120039,16.98778365,40.57676685,15.29319819,40.37437178,19.33631625,40.54944822,19.71329839,39.37195837,19.67340198,40.60357522,19.70927719,40.49006823,19.29153298,40.3232329,19.24138529,35.33453655,17.39458224,35.33679443,18.82011278,35.44117683,19.51733021,35.21857859,19.86700532,36.26406823,18.12838693,36.67235747,19.57054905,35.72710099,19.95443458,37.41110945,18.50971404,37.80525807,42.15981518,42.50897725,15.05117739,2
AAAAAA,AAAAAAX,F1234,1,4,4,xxxxxx_1_olm_1,2026-03-24 03:59:44.783699+00:00,59:43.8,hcp-02,2026/3/24 11:59,10,7,150.7614926,151.402658,153.0920138,153.0731475,154.9863623,154.8903464,154.094423,153.0788903,158.9036569,156.5305546,153.5462392,152.6373818,150.3342471,149.4972311,149.7981745,149.1882692,577.9303865,284.9974081,0.183549802,149.6593886,157.2986363,1.312636257,17.1068461,33.88990913,28.96621774,17.33366431,32.96593682,28.64880664,17.44660307,29.11970864,28.16092713,17.05442158,29.14243465,27.03603759,12.74180124,32.20429299,27.79442586,12.32132487,32.28720749,28.03612325,12.51383947,29.427135,28.43299539,12.65790537,32.34791144,28.07444725,16.74303827,31.09976204,27.26725464,16.69243991,31.2651823,27.25340208,17.79983039,32.84472109,28.52034987,17.97877488,31.17046392,27.02979162,17.21341608,31.84011266,28.07358105,17.27412215,29.65771879,28.96200307,17.29147997,31.45921406,28.94786101,17.25288347,31.30538192,28.95817446,17.1672729,17.0068644,29.49684652,28.42550519,40.08120039,16.98778365,40.57676685,15.29319819,40.37437178,19.33631625,40.54944822,19.71329839,39.37195837,19.67340198,40.60357522,19.70927719,40.49006823,19.29153298,40.3232329,19.24138529,35.33453655,17.39458224,35.33679443,18.82011278,35.44117683,19.51733021,35.21857859,19.86700532,36.26406823,18.12838693,36.67235747,19.57054905,35.72710099,19.95443458,37.41110945,18.50971404,37.80525807,42.15981518,42.50897725,15.05117739,2
AAAAAA,AAAAAAX,F1234,1,4,4,xxxxxx_1_olm_2,2026-03-24 03:59:51.012658+00:00,59:50.0,hcp-02,2026/3/24 11:59,11,7,150.7614926,151.402658,153.0920138,153.0731475,154.9863623,154.8903464,154.094423,153.0788903,158.9036569,156.5305546,153.5462392,152.6373818,150.3342471,149.4972311,149.7981745,149.1882692,577.9303865,284.9974081,0.68474375,148.544373,156.3218245,1.312636257,17.1068461,33.88990913,28.96621774,17.33366431,32.96593682,28.64880664,17.44660307,29.11970864,28.16092713,17.05442158,29.14243465,27.03603759,12.74180124,32.20429299,27.79442586,12.32132487,32.28720749,28.03612325,12.51383947,29.427135,28.43299539,12.65790537,32.34791144,28.07444725,16.74303827,31.09976204,27.26725464,16.69243991,31.2651823,27.25340208,17.79983039,32.84472109,28.52034987,17.97877488,31.17046392,27.02979162,17.21341608,31.84011266,28.07358105,17.27412215,29.65771879,28.96200307,17.29147997,31.45921406,28.94786101,17.25288347,31.30538192,28.95817446,17.1672729,17.0068644,29.49684652,28.42550519,40.08120039,16.98778365,40.57676685,15.29319819,40.37437178,19.33631625,40.54944822,19.71329839,39.37195837,19.67340198,40.60357522,19.70927719,40.49006823,19.29153298,40.3232329,19.24138529,35.33453655,17.39458224,35.33679443,18.82011278,35.44117683,19.51733021,35.21857859,19.86700532,36.26406823,18.12838693,36.67235747,19.57054905,35.72710099,19.95443458,37.41110945,18.50971404,37.80525807,42.15981518,42.50897725,15.05117739,7
AAAAAA,AAAAAAX,F1234,1,4,4,xxxxxx_1_olm_3,2026-03-24 03:59:57.452621+00:00,59:56.2,hcp-02,2026/3/24 11:59,12,7,150.7614926,151.402658,153.0920138,153.0731475,154.9863623,154.8903464,154.094423,153.0788903,158.9036569,156.5305546,153.5462392,152.6373818,150.3342471,149.4972311,149.7981745,149.1882692,577.9303865,284.9974081,0.022395652,146.7454767,155.0405783,1.312636257,17.1068461,33.88990913,28.96621774,17.33366431,32.96593682,28.64880664,17.44660307,29.11970864,28.16092713,17.05442158,29.14243465,27.03603759,12.74180124,32.20429299,27.79442586,12.32132487,32.28720749,28.03612325,12.51383947,29.427135,28.43299539,12.65790537,32.34791144,28.07444725,16.74303827,31.09976204,27.26725464,16.69243991,31.2651823,27.25340208,17.79983039,32.84472109,28.52034987,17.97877488,31.17046392,27.02979162,17.21341608,31.84011266,28.07358105,17.27412215,29.65771879,28.96200307,17.29147997,31.45921406,28.94786101,17.25288347,31.30538192,28.95817446,17.1672729,17.0068644,29.49684652,28.42550519,40.08120039,16.98778365,40.57676685,15.29319819,40.37437178,19.33631625,40.54944822,19.71329839,39.37195837,19.67340198,40.60357522,19.70927719,40.49006823,19.29153298,40.3232329,19.24138529,35.33453655,17.39458224,35.33679443,18.82011278,35.44117683,19.51733021,35.21857859,19.86700532,36.26406823,18.12838693,36.67235747,19.57054905,35.72710099,19.95443458,37.41110945,18.50971404,37.80525807,42.15981518,42.50897725,15.05117739,7
AAAAAA,AAAAAAX,F1234,1,5,4,xxxxxx_doe3_1,2026-03-24 04:00:13.864031+00:00,00:12.8,hcp-02,2026/3/24 12:00,10,10,150.7614926,151.402658,153.0920138,153.0731475,154.9863623,154.8903464,154.094423,153.0788903,158.9036569,156.5305546,153.5462392,152.6373818,150.3342471,149.4972311,149.7981745,149.1882692,577.9303865,284.9974081,0.322008048,148.7049483,158.5009617,1.312636257,17.1068461,33.88990913,28.96621774,17.33366431,32.96593682,28.64880664,17.44660307,29.11970864,28.16092713,17.05442158,29.14243465,27.03603759,12.74180124,32.20429299,27.79442586,12.32132487,32.28720749,28.03612325,12.51383947,29.427135,28.43299539,12.65790537,32.34791144,28.07444725,16.74303827,31.09976204,27.26725464,16.69243991,31.2651823,27.25340208,17.79983039,32.84472109,28.52034987,17.97877488,31.17046392,27.02979162,17.21341608,31.84011266,28.07358105,17.27412215,29.65771879,28.96200307,17.29147997,31.45921406,28.94786101,17.25288347,31.30538192,28.95817446,17.1672729,17.0068644,29.49684652,28.42550519,40.08120039,16.98778365,40.57676685,15.29319819,40.37437178,19.33631625,40.54944822,19.71329839,39.37195837,19.67340198,40.60357522,19.70927719,40.49006823,19.29153298,40.3232329,19.24138529,35.33453655,17.39458224,35.33679443,18.82011278,35.44117683,19.51733021,35.21857859,19.86700532,36.26406823,18.12838693,36.67235747,19.57054905,35.72710099,19.95443458,37.41110945,18.50971404,37.80525807,42.15981518,42.50897725,15.05117739,1
AAAAAA,AAAAAAX,F1234,1,5,4,xxxxxx_doe3_2,2026-03-24 04:00:19.673811+00:00,00:18.6,hcp-02,2026/3/24 12:00,11,10,150.7614926,151.402658,153.0920138,153.0731475,154.9863623,154.8903464,154.094423,153.0788903,158.9036569,156.5305546,153.5462392,152.6373818,150.3342471,149.4972311,149.7981745,149.1882692,577.9303865,284.9974081,0.897880102,148.4902118,157.7672034,1.312636257,17.1068461,33.88990913,28.96621774,17.33366431,32.96593682,28.64880664,17.44660307,29.11970864,28.16092713,17.05442158,29.14243465,27.03603759,12.74180124,32.20429299,27.79442586,12.32132487,32.28720749,28.03612325,12.51383947,29.427135,28.43299539,12.65790537,32.34791144,28.07444725,16.74303827,31.09976204,27.26725464,16.69243991,31.2651823,27.25340208,17.79983039,32.84472109,28.52034987,17.97877488,31.17046392,27.02979162,17.21341608,31.84011266,28.07358105,17.27412215,29.65771879,28.96200307,17.29147997,31.45921406,28.94786101,17.25288347,31.30538192,28.95817446,17.1672729,17.0068644,29.49684652,28.42550519,40.08120039,16.98778365,40.57676685,15.29319819,40.37437178,19.33631625,40.54944822,19.71329839,39.37195837,19.67340198,40.60357522,19.70927719,40.49006823,19.29153298,40.3232329,19.24138529,35.33453655,17.39458224,35.33679443,18.82011278,35.44117683,19.51733021,35.21857859,19.86700532,36.26406823,18.12838693,36.67235747,19.57054905,35.72710099,19.95443458,37.41110945,18.50971404,37.80525807,42.15981518,42.50897725,15.05117739,2
AAAAAA,AAAAAAX,F1234,1,5,4,xxxxxx_doe3_3,2026-03-24 04:00:26.080731+00:00,00:24.9,hcp-02,2026/3/24 12:00,12,10,150.7614926,151.402658,153.0920138,153.0731475,154.9863623,154.8903464,154.094423,153.0788903,158.9036569,156.5305546,153.5462392,152.6373818,150.3342471,149.4972311,149.7981745,149.1882692,577.9303865,284.9974081,0.20885552,148.9940268,156.1029068,1.312636257,17.1068461,33.88990913,28.96621774,17.33366431,32.96593682,28.64880664,17.44660307,29.11970864,28.16092713,17.05442158,29.14243465,27.03603759,12.74180124,32.20429299,27.79442586,12.32132487,32.28720749,28.03612325,12.51383947,29.427135,28.43299539,12.65790537,32.34791144,28.07444725,16.74303827,31.09976204,27.26725464,16.69243991,31.2651823,27.25340208,17.79983039,32.84472109,28.52034987,17.97877488,31.17046392,27.02979162,17.21341608,31.84011266,28.07358105,17.27412215,29.65771879,28.96200307,17.29147997,31.45921406,28.94786101,17.25288347,31.30538192,28.95817446,17.1672729,17.0068644,29.49684652,28.42550519,40.08120039,16.98778365,40.57676685,15.29319819,40.37437178,19.33631625,40.54944822,19.71329839,39.37195837,19.67340198,40.60357522,19.70927719,40.49006823,19.29153298,40.3232329,19.24138529,35.33453655,17.39458224,35.33679443,18.82011278,35.44117683,19.51733021,35.21857859,19.86700532,36.26406823,18.12838693,36.67235747,19.57054905,35.72710099,19.95443458,37.41110945,18.50971404,37.80525807,42.15981518,42.50897725,15.05117739,7
AAAAAA,AAAAAAX,F1234,1,5,4,xxxxxx_1_olm_1,2026-03-24 04:00:32.611456+00:00,00:31.5,hcp-02,2026/3/24 12:00,10,9,150.7614926,151.402658,153.0920138,153.0731475,154.9863623,154.8903464,154.094423,153.0788903,158.9036569,156.5305546,153.5462392,152.6373818,150.3342471,149.4972311,149.7981745,149.1882692,577.9303865,284.9974081,0.77090532,149.0265744,157.9981417,1.312636257,17.1068461,33.88990913,28.96621774,17.33366431,32.96593682,28.64880664,17.44660307,29.11970864,28.16092713,17.05442158,29.14243465,27.03603759,12.74180124,32.20429299,27.79442586,12.32132487,32.28720749,28.03612325,12.51383947,29.427135,28.43299539,12.65790537,32.34791144,28.07444725,16.74303827,31.09976204,27.26725464,16.69243991,31.2651823,27.25340208,17.79983039,32.84472109,28.52034987,17.97877488,31.17046392,27.02979162,17.21341608,31.84011266,28.07358105,17.27412215,29.65771879,28.96200307,17.29147997,31.45921406,28.94786101,17.25288347,31.30538192,28.95817446,17.1672729,17.0068644,29.49684652,28.42550519,40.08120039,16.98778365,40.57676685,15.29319819,40.37437178,19.33631625,40.54944822,19.71329839,39.37195837,19.67340198,40.60357522,19.70927719,40.49006823,19.29153298,40.3232329,19.24138529,35.33453655,17.39458224,35.33679443,18.82011278,35.44117683,19.51733021,35.21857859,19.86700532,36.26406823,18.12838693,36.67235747,19.57054905,35.72710099,19.95443458,37.41110945,18.50971404,37.80525807,42.15981518,42.50897725,15.05117739,2
AAAAAA,AAAAAAX,F1234,1,5,4,xxxxxx_1_olm_2,2026-03-24 04:00:37.931844+00:00,00:36.9,hcp-02,2026/3/24 12:00,11,9,150.7614926,151.402658,153.0920138,153.0731475,154.9863623,154.8903464,154.094423,153.0788903,158.9036569,156.5305546,153.5462392,152.6373818,150.3342471,149.4972311,149.7981745,149.1882692,577.9303865,284.9974081,0.459459418,148.7464896,157.5418111,1.312636257,17.1068461,33.88990913,28.96621774,17.33366431,32.96593682,28.64880664,17.44660307,29.11970864,28.16092713,17.05442158,29.14243465,27.03603759,12.74180124,32.20429299,27.79442586,12.32132487,32.28720749,28.03612325,12.51383947,29.427135,28.43299539,12.65790537,32.34791144,28.07444725,16.74303827,31.09976204,27.26725464,16.69243991,31.2651823,27.25340208,17.79983039,32.84472109,28.52034987,17.97877488,31.17046392,27.02979162,17.21341608,31.84011266,28.07358105,17.27412215,29.65771879,28.96200307,17.29147997,31.45921406,28.94786101,17.25288347,31.30538192,28.95817446,17.1672729,17.0068644,29.49684652,28.42550519,40.08120039,16.98778365,40.57676685,15.29319819,40.37437178,19.33631625,40.54944822,19.71329839,39.37195837,19.67340198,40.60357522,19.70927719,40.49006823,19.29153298,40.3232329,19.24138529,35.33453655,17.39458224,35.33679443,18.82011278,35.44117683,19.51733021,35.21857859,19.86700532,36.26406823,18.12838693,36.67235747,19.57054905,35.72710099,19.95443458,37.41110945,18.50971404,37.80525807,42.15981518,42.50897725,15.05117739,2
AAAAAA,AAAAAAX,F1234,1,5,4,xxxxxx_1_olm_3,2026-03-24 04:00:43.171269+00:00,00:42.1,hcp-02,2026/3/24 12:00,12,9,150.7614926,151.402658,153.0920138,153.0731475,154.9863623,154.8903464,154.094423,153.0788903,158.9036569,156.5305546,153.5462392,152.6373818,150.3342471,149.4972311,149.7981745,149.1882692,577.9303865,284.9974081,0.081283532,147.7600405,155.0437333,1.312636257,17.1068461,33.88990913,28.96621774,17.33366431,32.96593682,28.64880664,17.44660307,29.11970864,28.16092713,17.05442158,29.14243465,27.03603759,12.74180124,32.20429299,27.79442586,12.32132487,32.28720749,28.03612325,12.51383947,29.427135,28.43299539,12.65790537,32.34791144,28.07444725,16.74303827,31.09976204,27.26725464,16.69243991,31.2651823,27.25340208,17.79983039,32.84472109,28.52034987,17.97877488,31.17046392,27.02979162,17.21341608,31.84011266,28.07358105,17.27412215,29.65771879,28.96200307,17.29147997,31.45921406,28.94786101,17.25288347,31.30538192,28.95817446,17.1672729,17.0068644,29.49684652,28.42550519,40.08120039,16.98778365,40.57676685,15.29319819,40.37437178,19.33631625,40.54944822,19.71329839,39.37195837,19.67340198,40.60357522,19.70927719,40.49006823,19.29153298,40.3232329,19.24138529,35.33453655,17.39458224,35.33679443,18.82011278,35.44117683,19.51733021,35.21857859,19.86700532,36.26406823,18.12838693,36.67235747,19.57054905,35.72710099,19.95443458,37.41110945,18.50971404,37.80525807,42.15981518,42.50897725,15.05117739,2
AAAAAA,AAAAAAX,F1234,1,6,4,xxxxxx_doe3_1,2026-03-24 04:00:50.088510+00:00,00:49.1,hcp-02,2026/3/24 12:00,10,12,150.7614926,151.402658,153.0920138,153.0731475,154.9863623,154.8903464,154.094423,153.0788903,158.9036569,156.5305546,153.5462392,152.6373818,150.3342471,149.4972311,149.7981745,149.1882692,577.9303865,284.9974081,0.908493666,148.2720002,158.3704405,1.312636257,17.1068461,33.88990913,28.96621774,17.33366431,32.96593682,28.64880664,17.44660307,29.11970864,28.16092713,17.05442158,29.14243465,27.03603759,12.74180124,32.20429299,27.79442586,12.32132487,32.28720749,28.03612325,12.51383947,29.427135,28.43299539,12.65790537,32.34791144,28.07444725,16.74303827,31.09976204,27.26725464,16.69243991,31.2651823,27.25340208,17.79983039,32.84472109,28.52034987,17.97877488,31.17046392,27.02979162,17.21341608,31.84011266,28.07358105,17.27412215,29.65771879,28.96200307,17.29147997,31.45921406,28.94786101,17.25288347,31.30538192,28.95817446,17.1672729,17.0068644,29.49684652,28.42550519,40.08120039,16.98778365,40.57676685,15.29319819,40.37437178,19.33631625,40.54944822,19.71329839,39.37195837,19.67340198,40.60357522,19.70927719,40.49006823,19.29153298,40.3232329,19.24138529,35.33453655,17.39458224,35.33679443,18.82011278,35.44117683,19.51733021,35.21857859,19.86700532,36.26406823,18.12838693,36.67235747,19.57054905,35.72710099,19.95443458,37.41110945,18.50971404,37.80525807,42.15981518,42.50897725,15.05117739,2
AAAAAA,AAAAAAX,F1234,1,6,4,xxxxxx_doe3_2,2026-03-24 04:00:56.278509+00:00,00:55.2,hcp-02,2026/3/24 12:00,11,12,150.7614926,151.402658,153.0920138,153.0731475,154.9863623,154.8903464,154.094423,153.0788903,158.9036569,156.5305546,153.5462392,152.6373818,150.3342471,149.4972311,149.7981745,149.1882692,577.9303865,284.9974081,0.151428738,148.8605552,157.0168743,1.312636257,17.1068461,33.88990913,28.96621774,17.33366431,32.96593682,28.64880664,17.44660307,29.11970864,28.16092713,17.05442158,29.14243465,27.03603759,12.74180124,32.20429299,27.79442586,12.32132487,32.28720749,28.03612325,12.51383947,29.427135,28.43299539,12.65790537,32.34791144,28.07444725,16.74303827,31.09976204,27.26725464,16.69243991,31.2651823,27.25340208,17.79983039,32.84472109,28.52034987,17.97877488,31.17046392,27.02979162,17.21341608,31.84011266,28.07358105,17.27412215,29.65771879,28.96200307,17.29147997,31.45921406,28.94786101,17.25288347,31.30538192,28.95817446,17.1672729,17.0068644,29.49684652,28.42550519,40.08120039,16.98778365,40.57676685,15.29319819,40.37437178,19.33631625,40.54944822,19.71329839,39.37195837,19.67340198,40.60357522,19.70927719,40.49006823,19.29153298,40.3232329,19.24138529,35.33453655,17.39458224,35.33679443,18.82011278,35.44117683,19.51733021,35.21857859,19.86700532,36.26406823,18.12838693,36.67235747,19.57054905,35.72710099,19.95443458,37.41110945,18.50971404,37.80525807,42.15981518,42.50897725,15.05117739,7
AAAAAA,AAAAAAX,F1234,1,6,4,xxxxxx_doe3_3,2026-03-24 04:01:02.056547+00:00,01:01.0,hcp-02,2026/3/24 12:01,12,12,150.7614926,151.402658,153.0920138,153.0731475,154.9863623,154.8903464,154.094423,153.0788903,158.9036569,156.5305546,153.5462392,152.6373818,150.3342471,149.4972311,149.7981745,149.1882692,577.9303865,284.9974081,0.112348319,148.6283028,156.7677171,1.312636257,17.1068461,33.88990913,28.96621774,17.33366431,32.96593682,28.64880664,17.44660307,29.11970864,28.16092713,17.05442158,29.14243465,27.03603759,12.74180124,32.20429299,27.79442586,12.32132487,32.28720749,28.03612325,12.51383947,29.427135,28.43299539,12.65790537,32.34791144,28.07444725,16.74303827,31.09976204,27.26725464,16.69243991,31.2651823,27.25340208,17.79983039,32.84472109,28.52034987,17.97877488,31.17046392,27.02979162,17.21341608,31.84011266,28.07358105,17.27412215,29.65771879,28.96200307,17.29147997,31.45921406,28.94786101,17.25288347,31.30538192,28.95817446,17.1672729,17.0068644,29.49684652,28.42550519,40.08120039,16.98778365,40.57676685,15.29319819,40.37437178,19.33631625,40.54944822,19.71329839,39.37195837,19.67340198,40.60357522,19.70927719,40.49006823,19.29153298,40.3232329,19.24138529,35.33453655,17.39458224,35.33679443,18.82011278,35.44117683,19.51733021,35.21857859,19.86700532,36.26406823,18.12838693,36.67235747,19.57054905,35.72710099,19.95443458,37.41110945,18.50971404,37.80525807,42.15981518,42.50897725,15.05117739,2
AAAAAA,AAAAAAX,F1234,1,6,4,xxxxxx_1_olm_1,2026-03-24 04:01:08.351416+00:00,01:07.2,hcp-02,2026/3/24 12:01,10,11,150.7614926,151.402658,153.0920138,153.0731475,154.9863623,154.8903464,154.094423,153.0788903,158.9036569,156.5305546,153.5462392,152.6373818,150.3342471,149.4972311,149.7981745,149.1882692,577.9303865,284.9974081,0.119085729,149.5634593,157.4250999,1.312636257,17.1068461,33.88990913,28.96621774,17.33366431,32.96593682,28.64880664,17.44660307,29.11970864,28.16092713,17.05442158,29.14243465,27.03603759,12.74180124,32.20429299,27.79442586,12.32132487,32.28720749,28.03612325,12.51383947,29.427135,28.43299539,12.65790537,32.34791144,28.07444725,16.74303827,31.09976204,27.26725464,16.69243991,31.2651823,27.25340208,17.79983039,32.84472109,28.52034987,17.97877488,31.17046392,27.02979162,17.21341608,31.84011266,28.07358105,17.27412215,29.65771879,28.96200307,17.29147997,31.45921406,28.94786101,17.25288347,31.30538192,28.95817446,17.1672729,17.0068644,29.49684652,28.42550519,40.08120039,16.98778365,40.57676685,15.29319819,40.37437178,19.33631625,40.54944822,19.71329839,39.37195837,19.67340198,40.60357522,19.70927719,40.49006823,19.29153298,40.3232329,19.24138529,35.33453655,17.39458224,35.33679443,18.82011278,35.44117683,19.51733021,35.21857859,19.86700532,36.26406823,18.12838693,36.67235747,19.57054905,35.72710099,19.95443458,37.41110945,18.50971404,37.80525807,42.15981518,42.50897725,15.05117739,2
AAAAAA,AAAAAAX,F1234,1,6,4,xxxxxx_1_olm_2,2026-03-24 04:01:14.749496+00:00,01:13.5,hcp-02,2026/3/24 12:01,11,11,150.7614926,151.402658,153.0920138,153.0731475,154.9863623,154.8903464,154.094423,153.0788903,158.9036569,156.5305546,153.5462392,152.6373818,150.3342471,149.4972311,149.7981745,149.1882692,577.9303865,284.9974081,0.911011521,148.3000945,157.7327267,1.312636257,17.1068461,33.88990913,28.96621774,17.33366431,32.96593682,28.64880664,17.44660307,29.11970864,28.16092713,17.05442158,29.14243465,27.03603759,12.74180124,32.20429299,27.79442586,12.32132487,32.28720749,28.03612325,12.51383947,29.427135,28.43299539,12.65790537,32.34791144,28.07444725,16.74303827,31.09976204,27.26725464,16.69243991,31.2651823,27.25340208,17.79983039,32.84472109,28.52034987,17.97877488,31.17046392,27.02979162,17.21341608,31.84011266,28.07358105,17.27412215,29.65771879,28.96200307,17.29147997,31.45921406,28.94786101,17.25288347,31.30538192,28.95817446,17.1672729,17.0068644,29.49684652,28.42550519,40.08120039,16.98778365,40.57676685,15.29319819,40.37437178,19.33631625,40.54944822,19.71329839,39.37195837,19.67340198,40.60357522,19.70927719,40.49006823,19.29153298,40.3232329,19.24138529,35.33453655,17.39458224,35.33679443,18.82011278,35.44117683,19.51733021,35.21857859,19.86700532,36.26406823,18.12838693,36.67235747,19.57054905,35.72710099,19.95443458,37.41110945,18.50971404,37.80525807,42.15981518,42.50897725,15.05117739,2
AAAAAA,AAAAAAX,F1234,1,6,4,xxxxxx_1_olm_3,2026-03-24 04:01:20.844369+00:00,01:19.8,hcp-02,2026/3/24 12:01,12,11,150.7614926,151.402658,153.0920138,153.0731475,154.9863623,154.8903464,154.094423,153.0788903,158.9036569,156.5305546,153.5462392,152.6373818,150.3342471,149.4972311,149.7981745,149.1882692,577.9303865,284.9974081,0.145713905,147.3310568,155.3698857,1.312636257,17.1068461,33.88990913,28.96621774,17.33366431,32.96593682,28.64880664,17.44660307,29.11970864,28.16092713,17.05442158,29.14243465,27.03603759,12.74180124,32.20429299,27.79442586,12.32132487,32.28720749,28.03612325,12.51383947,29.427135,28.43299539,12.65790537,32.34791144,28.07444725,16.74303827,31.09976204,27.26725464,16.69243991,31.2651823,27.25340208,17.79983039,32.84472109,28.52034987,17.97877488,31.17046392,27.02979162,17.21341608,31.84011266,28.07358105,17.27412215,29.65771879,28.96200307,17.29147997,31.45921406,28.94786101,17.25288347,31.30538192,28.95817446,17.1672729,17.0068644,29.49684652,28.42550519,40.08120039,16.98778365,40.57676685,15.29319819,40.37437178,19.33631625,40.54944822,19.71329839,39.37195837,19.67340198,40.60357522,19.70927719,40.49006823,19.29153298,40.3232329,19.24138529,35.33453655,17.39458224,35.33679443,18.82011278,35.44117683,19.51733021,35.21857859,19.86700532,36.26406823,18.12838693,36.67235747,19.57054905,35.72710099,19.95443458,37.41110945,18.50971404,37.80525807,42.15981518,42.50897725,15.05117739,1
AAAAAA,AAAAAAX,F1234,1,7,4,xxxxxx_doe3_1,2026-03-24 04:01:38.071942+00:00,01:37.0,hcp-02,2026/3/24 12:01,10,14,150.7614926,151.402658,153.0920138,153.0731475,154.9863623,154.8903464,154.094423,153.0788903,158.9036569,156.5305546,153.5462392,152.6373818,150.3342471,149.4972311,149.7981745,149.1882692,577.9303865,284.9974081,0.623525013,148.6012257,158.4443034,1.312636257,17.1068461,33.88990913,28.96621774,17.33366431,32.96593682,28.64880664,17.44660307,29.11970864,28.16092713,17.05442158,29.14243465,27.03603759,12.74180124,32.20429299,27.79442586,12.32132487,32.28720749,28.03612325,12.51383947,29.427135,28.43299539,12.65790537,32.34791144,28.07444725,16.74303827,31.09976204,27.26725464,16.69243991,31.2651823,27.25340208,17.79983039,32.84472109,28.52034987,17.97877488,31.17046392,27.02979162,17.21341608,31.84011266,28.07358105,17.27412215,29.65771879,28.96200307,17.29147997,31.45921406,28.94786101,17.25288347,31.30538192,28.95817446,17.1672729,17.0068644,29.49684652,28.42550519,40.08120039,16.98778365,40.57676685,15.29319819,40.37437178,19.33631625,40.54944822,19.71329839,39.37195837,19.67340198,40.60357522,19.70927719,40.49006823,19.29153298,40.3232329,19.24138529,35.33453655,17.39458224,35.33679443,18.82011278,35.44117683,19.51733021,35.21857859,19.86700532,36.26406823,18.12838693,36.67235747,19.57054905,35.72710099,19.95443458,37.41110945,18.50971404,37.80525807,42.15981518,42.50897725,15.05117739,2
AAAAAA,AAAAAAX,F1234,1,7,4,xxxxxx_doe3_2,2026-03-24 04:01:51.937311+00:00,01:50.9,hcp-02,2026/3/24 12:01,11,14,150.7614926,151.402658,153.0920138,153.0731475,154.9863623,154.8903464,154.094423,153.0788903,158.9036569,156.5305546,153.5462392,152.6373818,150.3342471,149.4972311,149.7981745,149.1882692,577.9303865,284.9974081,0.939394249,148.5011722,158.4086399,1.312636257,17.1068461,33.88990913,28.96621774,17.33366431,32.96593682,28.64880664,17.44660307,29.11970864,28.16092713,17.05442158,29.14243465,27.03603759,12.74180124,32.20429299,27.79442586,12.32132487,32.28720749,28.03612325,12.51383947,29.427135,28.43299539,12.65790537,32.34791144,28.07444725,16.74303827,31.09976204,27.26725464,16.69243991,31.2651823,27.25340208,17.79983039,32.84472109,28.52034987,17.97877488,31.17046392,27.02979162,17.21341608,31.84011266,28.07358105,17.27412215,29.65771879,28.96200307,17.29147997,31.45921406,28.94786101,17.25288347,31.30538192,28.95817446,17.1672729,17.0068644,29.49684652,28.42550519,40.08120039,16.98778365,40.57676685,15.29319819,40.37437178,19.33631625,40.54944822,19.71329839,39.37195837,19.67340198,40.60357522,19.70927719,40.49006823,19.29153298,40.3232329,19.24138529,35.33453655,17.39458224,35.33679443,18.82011278,35.44117683,19.51733021,35.21857859,19.86700532,36.26406823,18.12838693,36.67235747,19.57054905,35.72710099,19.95443458,37.41110945,18.50971404,37.80525807,42.15981518,42.50897725,15.05117739,1
AAAAAA,AAAAAAX,F1234,1,7,4,xxxxxx_doe3_3,2026-03-24 04:01:57.735513+00:00,01:56.7,hcp-02,2026/3/24 12:01,12,14,150.7614926,151.402658,153.0920138,153.0731475,154.9863623,154.8903464,154.094423,153.0788903,158.9036569,156.5305546,153.5462392,152.6373818,150.3342471,149.4972311,149.7981745,149.1882692,577.9303865,284.9974081,0.972827483,149.9659045,157.4995967,1.312636257,17.1068461,33.88990913,28.96621774,17.33366431,32.96593682,28.64880664,17.44660307,29.11970864,28.16092713,17.05442158,29.14243465,27.03603759,12.74180124,32.20429299,27.79442586,12.32132487,32.28720749,28.03612325,12.51383947,29.427135,28.43299539,12.65790537,32.34791144,28.07444725,16.74303827,31.09976204,27.26725464,16.69243991,31.2651823,27.25340208,17.79983039,32.84472109,28.52034987,17.97877488,31.17046392,27.02979162,17.21341608,31.84011266,28.07358105,17.27412215,29.65771879,28.96200307,17.29147997,31.45921406,28.94786101,17.25288347,31.30538192,28.95817446,17.1672729,17.0068644,29.49684652,28.42550519,40.08120039,16.98778365,40.57676685,15.29319819,40.37437178,19.33631625,40.54944822,19.71329839,39.37195837,19.67340198,40.60357522,19.70927719,40.49006823,19.29153298,40.3232329,19.24138529,35.33453655,17.39458224,35.33679443,18.82011278,35.44117683,19.51733021,35.21857859,19.86700532,36.26406823,18.12838693,36.67235747,19.57054905,35.72710099,19.95443458,37.41110945,18.50971404,37.80525807,42.15981518,42.50897725,15.05117739,1
AAAAAA,AAAAAAX,F1234,1,7,4,xxxxxx_1_olm_1,2026-03-24 04:02:05.599487+00:00,02:04.5,hcp-02,2026/3/24 12:02,10,13,150.7614926,151.402658,153.0920138,153.0731475,154.9863623,154.8903464,154.094423,153.0788903,158.9036569,156.5305546,153.5462392,152.6373818,150.3342471,149.4972311,149.7981745,149.1882692,577.9303865,284.9974081,0.53252033,149.8972392,157.1896754,1.312636257,17.1068461,33.88990913,28.96621774,17.33366431,32.96593682,28.64880664,17.44660307,29.11970864,28.16092713,17.05442158,29.14243465,27.03603759,12.74180124,32.20429299,27.79442586,12.32132487,32.28720749,28.03612325,12.51383947,29.427135,28.43299539,12.65790537,32.34791144,28.07444725,16.74303827,31.09976204,27.26725464,16.69243991,31.2651823,27.25340208,17.79983039,32.84472109,28.52034987,17.97877488,31.17046392,27.02979162,17.21341608,31.84011266,28.07358105,17.27412215,29.65771879,28.96200307,17.29147997,31.45921406,28.94786101,17.25288347,31.30538192,28.95817446,17.1672729,17.0068644,29.49684652,28.42550519,40.08120039,16.98778365,40.57676685,15.29319819,40.37437178,19.33631625,40.54944822,19.71329839,39.37195837,19.67340198,40.60357522,19.70927719,40.49006823,19.29153298,40.3232329,19.24138529,35.33453655,17.39458224,35.33679443,18.82011278,35.44117683,19.51733021,35.21857859,19.86700532,36.26406823,18.12838693,36.67235747,19.57054905,35.72710099,19.95443458,37.41110945,18.50971404,37.80525807,42.15981518,42.50897725,15.05117739,2
AAAAAA,AAAAAAX,F1234,1,7,4,xxxxxx_1_olm_2,2026-03-24 04:02:11.086518+00:00,02:10.0,hcp-02,2026/3/24 12:02,11,13,150.7614926,151.402658,153.0920138,153.0731475,154.9863623,154.8903464,154.094423,153.0788903,158.9036569,156.5305546,153.5462392,152.6373818,150.3342471,149.4972311,149.7981745,149.1882692,577.9303865,284.9974081,0.746759406,148.9234081,157.9118164,1.312636257,17.1068461,33.88990913,28.96621774,17.33366431,32.96593682,28.64880664,17.44660307,29.11970864,28.16092713,17.05442158,29.14243465,27.03603759,12.74180124,32.20429299,27.79442586,12.32132487,32.28720749,28.03612325,12.51383947,29.427135,28.43299539,12.65790537,32.34791144,28.07444725,16.74303827,31.09976204,27.26725464,16.69243991,31.2651823,27.25340208,17.79983039,32.84472109,28.52034987,17.97877488,31.17046392,27.02979162,17.21341608,31.84011266,28.07358105,17.27412215,29.65771879,28.96200307,17.29147997,31.45921406,28.94786101,17.25288347,31.30538192,28.95817446,17.1672729,17.0068644,29.49684652,28.42550519,40.08120039,16.98778365,40.57676685,15.29319819,40.37437178,19.33631625,40.54944822,19.71329839,39.37195837,19.67340198,40.60357522,19.70927719,40.49006823,19.29153298,40.3232329,19.24138529,35.33453655,17.39458224,35.33679443,18.82011278,35.44117683,19.51733021,35.21857859,19.86700532,36.26406823,18.12838693,36.67235747,19.57054905,35.72710099,19.95443458,37.41110945,18.50971404,37.80525807,42.15981518,42.50897725,15.05117739,2
AAAAAA,AAAAAAX,F1234,1,7,4,xxxxxx_1_olm_3,2026-03-24 04:02:16.616450+00:00,02:15.6,hcp-02,2026/3/24 12:02,12,13,150.7614926,151.402658,153.0920138,153.0731475,154.9863623,154.8903464,154.094423,153.0788903,158.9036569,156.5305546,153.5462392,152.6373818,150.3342471,149.4972311,149.7981745,149.1882692,577.9303865,284.9974081,0.249273049,147.584719,156.3536152,1.312636257,17.1068461,33.88990913,28.96621774,17.33366431,32.96593682,28.64880664,17.44660307,29.11970864,28.16092713,17.05442158,29.14243465,27.03603759,12.74180124,32.20429299,27.79442586,12.32132487,32.28720749,28.03612325,12.51383947,29.427135,28.43299539,12.65790537,32.34791144,28.07444725,16.74303827,31.09976204,27.26725464,16.69243991,31.2651823,27.25340208,17.79983039,32.84472109,28.52034987,17.97877488,31.17046392,27.02979162,17.21341608,31.84011266,28.07358105,17.27412215,29.65771879,28.96200307,17.29147997,31.45921406,28.94786101,17.25288347,31.30538192,28.95817446,17.1672729,17.0068644,29.49684652,28.42550519,40.08120039,16.98778365,40.57676685,15.29319819,40.37437178,19.33631625,40.54944822,19.71329839,39.37195837,19.67340198,40.60357522,19.70927719,40.49006823,19.29153298,40.3232329,19.24138529,35.33453655,17.39458224,35.33679443,18.82011278,35.44117683,19.51733021,35.21857859,19.86700532,36.26406823,18.12838693,36.67235747,19.57054905,35.72710099,19.95443458,37.41110945,18.50971404,37.80525807,42.15981518,42.50897725,15.05117739,1
AAAAAA,AAAAAAX,F1234,1,8,4,xxxxxx_doe3_1,2026-03-24 04:02:23.396573+00:00,02:22.3,hcp-02,2026/3/24 12:02,10,16,150.7614926,151.402658,153.0920138,153.0731475,154.9863623,154.8903464,154.094423,153.0788903,158.9036569,156.5305546,153.5462392,152.6373818,150.3342471,149.4972311,149.7981745,149.1882692,577.9303865,284.9974081,0.258117596,148.3966567,158.4229621,1.312636257,17.1068461,33.88990913,28.96621774,17.33366431,32.96593682,28.64880664,17.44660307,29.11970864,28.16092713,17.05442158,29.14243465,27.03603759,12.74180124,32.20429299,27.79442586,12.32132487,32.28720749,28.03612325,12.51383947,29.427135,28.43299539,12.65790537,32.34791144,28.07444725,16.74303827,31.09976204,27.26725464,16.69243991,31.2651823,27.25340208,17.79983039,32.84472109,28.52034987,17.97877488,31.17046392,27.02979162,17.21341608,31.84011266,28.07358105,17.27412215,29.65771879,28.96200307,17.29147997,31.45921406,28.94786101,17.25288347,31.30538192,28.95817446,17.1672729,17.0068644,29.49684652,28.42550519,40.08120039,16.98778365,40.57676685,15.29319819,40.37437178,19.33631625,40.54944822,19.71329839,39.37195837,19.67340198,40.60357522,19.70927719,40.49006823,19.29153298,40.3232329,19.24138529,35.33453655,17.39458224,35.33679443,18.82011278,35.44117683,19.51733021,35.21857859,19.86700532,36.26406823,18.12838693,36.67235747,19.57054905,35.72710099,19.95443458,37.41110945,18.50971404,37.80525807,42.15981518,42.50897725,15.05117739,2
AAAAAA,AAAAAAX,F1234,1,8,4,xxxxxx_doe3_2,2026-03-24 04:02:28.950971+00:00,02:27.9,hcp-02,2026/3/24 12:02,11,16,150.7614926,151.402658,153.0920138,153.0731475,154.9863623,154.8903464,154.094423,153.0788903,158.9036569,156.5305546,153.5462392,152.6373818,150.3342471,149.4972311,149.7981745,149.1882692,577.9303865,284.9974081,0.98684741,148.3521908,159.7737323,1.312636257,17.1068461,33.88990913,28.96621774,17.33366431,32.96593682,28.64880664,17.44660307,29.11970864,28.16092713,17.05442158,29.14243465,27.03603759,12.74180124,32.20429299,27.79442586,12.32132487,32.28720749,28.03612325,12.51383947,29.427135,28.43299539,12.65790537,32.34791144,28.07444725,16.74303827,31.09976204,27.26725464,16.69243991,31.2651823,27.25340208,17.79983039,32.84472109,28.52034987,17.97877488,31.17046392,27.02979162,17.21341608,31.84011266,28.07358105,17.27412215,29.65771879,28.96200307,17.29147997,31.45921406,28.94786101,17.25288347,31.30538192,28.95817446,17.1672729,17.0068644,29.49684652,28.42550519,40.08120039,16.98778365,40.57676685,15.29319819,40.37437178,19.33631625,40.54944822,19.71329839,39.37195837,19.67340198,40.60357522,19.70927719,40.49006823,19.29153298,40.3232329,19.24138529,35.33453655,17.39458224,35.33679443,18.82011278,35.44117683,19.51733021,35.21857859,19.86700532,36.26406823,18.12838693,36.67235747,19.57054905,35.72710099,19.95443458,37.41110945,18.50971404,37.80525807,42.15981518,42.50897725,15.05117739,1
AAAAAA,AAAAAAX,F1234,1,8,4,xxxxxx_doe3_3,2026-03-24 04:02:44.610412+00:00,02:43.5,hcp-02,2026/3/24 12:02,12,16,150.7614926,151.402658,153.0920138,153.0731475,154.9863623,154.8903464,154.094423,153.0788903,158.9036569,156.5305546,153.5462392,152.6373818,150.3342471,149.4972311,149.7981745,149.1882692,577.9303865,284.9974081,0.285362332,149.7853959,159.0788597,1.312636257,17.1068461,33.88990913,28.96621774,17.33366431,32.96593682,28.64880664,17.44660307,29.11970864,28.16092713,17.05442158,29.14243465,27.03603759,12.74180124,32.20429299,27.79442586,12.32132487,32.28720749,28.03612325,12.51383947,29.427135,28.43299539,12.65790537,32.34791144,28.07444725,16.74303827,31.09976204,27.26725464,16.69243991,31.2651823,27.25340208,17.79983039,32.84472109,28.52034987,17.97877488,31.17046392,27.02979162,17.21341608,31.84011266,28.07358105,17.27412215,29.65771879,28.96200307,17.29147997,31.45921406,28.94786101,17.25288347,31.30538192,28.95817446,17.1672729,17.0068644,29.49684652,28.42550519,40.08120039,16.98778365,40.57676685,15.29319819,40.37437178,19.33631625,40.54944822,19.71329839,39.37195837,19.67340198,40.60357522,19.70927719,40.49006823,19.29153298,40.3232329,19.24138529,35.33453655,17.39458224,35.33679443,18.82011278,35.44117683,19.51733021,35.21857859,19.86700532,36.26406823,18.12838693,36.67235747,19.57054905,35.72710099,19.95443458,37.41110945,18.50971404,37.80525807,42.15981518,42.50897725,15.05117739,1
AAAAAA,AAAAAAX,F1234,1,8,4,xxxxxx_1_olm_1,2026-03-24 04:02:50.565139+00:00,02:49.6,hcp-02,2026/3/24 12:02,10,15,150.7614926,151.402658,153.0920138,153.0731475,154.9863623,154.8903464,154.094423,153.0788903,158.9036569,156.5305546,153.5462392,152.6373818,150.3342471,149.4972311,149.7981745,149.1882692,577.9303865,284.9974081,0.559861513,149.1056818,158.6358327,1.312636257,17.1068461,33.88990913,28.96621774,17.33366431,32.96593682,28.64880664,17.44660307,29.11970864,28.16092713,17.05442158,29.14243465,27.03603759,12.74180124,32.20429299,27.79442586,12.32132487,32.28720749,28.03612325,12.51383947,29.427135,28.43299539,12.65790537,32.34791144,28.07444725,16.74303827,31.09976204,27.26725464,16.69243991,31.2651823,27.25340208,17.79983039,32.84472109,28.52034987,17.97877488,31.17046392,27.02979162,17.21341608,31.84011266,28.07358105,17.27412215,29.65771879,28.96200307,17.29147997,31.45921406,28.94786101,17.25288347,31.30538192,28.95817446,17.1672729,17.0068644,29.49684652,28.42550519,40.08120039,16.98778365,40.57676685,15.29319819,40.37437178,19.33631625,40.54944822,19.71329839,39.37195837,19.67340198,40.60357522,19.70927719,40.49006823,19.29153298,40.3232329,19.24138529,35.33453655,17.39458224,35.33679443,18.82011278,35.44117683,19.51733021,35.21857859,19.86700532,36.26406823,18.12838693,36.67235747,19.57054905,35.72710099,19.95443458,37.41110945,18.50971404,37.80525807,42.15981518,42.50897725,15.05117739,2
AAAAAA,AAAAAAX,F1234,1,8,4,xxxxxx_1_olm_2,2026-03-24 04:02:57.623332+00:00,02:56.5,hcp-02,2026/3/24 12:02,11,15,150.7614926,151.402658,153.0920138,153.0731475,154.9863623,154.8903464,154.094423,153.0788903,158.9036569,156.5305546,153.5462392,152.6373818,150.3342471,149.4972311,149.7981745,149.1882692,577.9303865,284.9974081,0.510676735,149.4599873,158.1969818,1.312636257,17.1068461,33.88990913,28.96621774,17.33366431,32.96593682,28.64880664,17.44660307,29.11970864,28.16092713,17.05442158,29.14243465,27.03603759,12.74180124,32.20429299,27.79442586,12.32132487,32.28720749,28.03612325,12.51383947,29.427135,28.43299539,12.65790537,32.34791144,28.07444725,16.74303827,31.09976204,27.26725464,16.69243991,31.2651823,27.25340208,17.79983039,32.84472109,28.52034987,17.97877488,31.17046392,27.02979162,17.21341608,31.84011266,28.07358105,17.27412215,29.65771879,28.96200307,17.29147997,31.45921406,28.94786101,17.25288347,31.30538192,28.95817446,17.1672729,17.0068644,29.49684652,28.42550519,40.08120039,16.98778365,40.57676685,15.29319819,40.37437178,19.33631625,40.54944822,19.71329839,39.37195837,19.67340198,40.60357522,19.70927719,40.49006823,19.29153298,40.3232329,19.24138529,35.33453655,17.39458224,35.33679443,18.82011278,35.44117683,19.51733021,35.21857859,19.86700532,36.26406823,18.12838693,36.67235747,19.57054905,35.72710099,19.95443458,37.41110945,18.50971404,37.80525807,42.15981518,42.50897725,15.05117739,1
AAAAAA,AAAAAAX,F1234,1,8,4,xxxxxx_1_olm_3,2026-03-24 04:03:12.810591+00:00,03:11.7,hcp-02,2026/3/24 12:03,12,15,150.7614926,151.402658,153.0920138,153.0731475,154.9863623,154.8903464,154.094423,153.0788903,158.9036569,156.5305546,153.5462392,152.6373818,150.3342471,149.4972311,149.7981745,149.1882692,577.9303865,284.9974081,0.020935201,148.8714615,157.8400774,1.312636257,17.1068461,33.88990913,28.96621774,17.33366431,32.96593682,28.64880664,17.44660307,29.11970864,28.16092713,17.05442158,29.14243465,27.03603759,12.74180124,32.20429299,27.79442586,12.32132487,32.28720749,28.03612325,12.51383947,29.427135,28.43299539,12.65790537,32.34791144,28.07444725,16.74303827,31.09976204,27.26725464,16.69243991,31.2651823,27.25340208,17.79983039,32.84472109,28.52034987,17.97877488,31.17046392,27.02979162,17.21341608,31.84011266,28.07358105,17.27412215,29.65771879,28.96200307,17.29147997,31.45921406,28.94786101,17.25288347,31.30538192,28.95817446,17.1672729,17.0068644,29.49684652,28.42550519,40.08120039,16.98778365,40.57676685,15.29319819,40.37437178,19.33631625,40.54944822,19.71329839,39.37195837,19.67340198,40.60357522,19.70927719,40.49006823,19.29153298,40.3232329,19.24138529,35.33453655,17.39458224,35.33679443,18.82011278,35.44117683,19.51733021,35.21857859,19.86700532,36.26406823,18.12838693,36.67235747,19.57054905,35.72710099,19.95443458,37.41110945,18.50971404,37.80525807,42.15981518,42.50897725,15.05117739,1
AAAAAA,AAAAAAX,F1234,1,2,5,xxxxxx_doe3_1,2026-03-24 04:03:30.324168+00:00,03:29.3,hcp-02,2026/3/24 12:03,13,4,150.7614926,151.402658,153.0920138,153.0731475,154.9863623,154.8903464,154.094423,153.0788903,158.9036569,156.5305546,153.5462392,152.6373818,150.3342471,149.4972311,149.7981745,149.1882692,577.9303865,284.9974081,0.730749891,147.6012142,157.962373,1.312636257,17.1068461,33.88990913,28.96621774,17.33366431,32.96593682,28.64880664,17.44660307,29.11970864,28.16092713,17.05442158,29.14243465,27.03603759,12.74180124,32.20429299,27.79442586,12.32132487,32.28720749,28.03612325,12.51383947,29.427135,28.43299539,12.65790537,32.34791144,28.07444725,16.74303827,31.09976204,27.26725464,16.69243991,31.2651823,27.25340208,17.79983039,32.84472109,28.52034987,17.97877488,31.17046392,27.02979162,17.21341608,31.84011266,28.07358105,17.27412215,29.65771879,28.96200307,17.29147997,31.45921406,28.94786101,17.25288347,31.30538192,28.95817446,17.1672729,17.0068644,29.49684652,28.42550519,40.08120039,16.98778365,40.57676685,15.29319819,40.37437178,19.33631625,40.54944822,19.71329839,39.37195837,19.67340198,40.60357522,19.70927719,40.49006823,19.29153298,40.3232329,19.24138529,35.33453655,17.39458224,35.33679443,18.82011278,35.44117683,19.51733021,35.21857859,19.86700532,36.26406823,18.12838693,36.67235747,19.57054905,35.72710099,19.95443458,37.41110945,18.50971404,37.80525807,42.15981518,42.50897725,15.05117739,1
AAAAAA,AAAAAAX,F1234,1,2,5,xxxxxx_doe3_2,2026-03-24 04:03:46.096199+00:00,03:45.0,hcp-02,2026/3/24 12:03,14,4,150.7614926,151.402658,153.0920138,153.0731475,154.9863623,154.8903464,154.094423,153.0788903,158.9036569,156.5305546,153.5462392,152.6373818,150.3342471,149.4972311,149.7981745,149.1882692,577.9303865,284.9974081,0.496344188,147.5994424,156.5069243,1.312636257,17.1068461,33.88990913,28.96621774,17.33366431,32.96593682,28.64880664,17.44660307,29.11970864,28.16092713,17.05442158,29.14243465,27.03603759,12.74180124,32.20429299,27.79442586,12.32132487,32.28720749,28.03612325,12.51383947,29.427135,28.43299539,12.65790537,32.34791144,28.07444725,16.74303827,31.09976204,27.26725464,16.69243991,31.2651823,27.25340208,17.79983039,32.84472109,28.52034987,17.97877488,31.17046392,27.02979162,17.21341608,31.84011266,28.07358105,17.27412215,29.65771879,28.96200307,17.29147997,31.45921406,28.94786101,17.25288347,31.30538192,28.95817446,17.1672729,17.0068644,29.49684652,28.42550519,40.08120039,16.98778365,40.57676685,15.29319819,40.37437178,19.33631625,40.54944822,19.71329839,39.37195837,19.67340198,40.60357522,19.70927719,40.49006823,19.29153298,40.3232329,19.24138529,35.33453655,17.39458224,35.33679443,18.82011278,35.44117683,19.51733021,35.21857859,19.86700532,36.26406823,18.12838693,36.67235747,19.57054905,35.72710099,19.95443458,37.41110945,18.50971404,37.80525807,42.15981518,42.50897725,15.05117739,1
AAAAAA,AAAAAAX,F1234,1,2,5,xxxxxx_doe3_3,2026-03-24 04:04:01.849968+00:00,04:00.8,hcp-02,2026/3/24 12:04,15,4,150.7614926,151.402658,153.0920138,153.0731475,154.9863623,154.8903464,154.094423,153.0788903,158.9036569,156.5305546,153.5462392,152.6373818,150.3342471,149.4972311,149.7981745,149.1882692,577.9303865,284.9974081,0.915950447,146.6344195,155.5965021,1.312636257,17.1068461,33.88990913,28.96621774,17.33366431,32.96593682,28.64880664,17.44660307,29.11970864,28.16092713,17.05442158,29.14243465,27.03603759,12.74180124,32.20429299,27.79442586,12.32132487,32.28720749,28.03612325,12.51383947,29.427135,28.43299539,12.65790537,32.34791144,28.07444725,16.74303827,31.09976204,27.26725464,16.69243991,31.2651823,27.25340208,17.79983039,32.84472109,28.52034987,17.97877488,31.17046392,27.02979162,17.21341608,31.84011266,28.07358105,17.27412215,29.65771879,28.96200307,17.29147997,31.45921406,28.94786101,17.25288347,31.30538192,28.95817446,17.1672729,17.0068644,29.49684652,28.42550519,40.08120039,16.98778365,40.57676685,15.29319819,40.37437178,19.33631625,40.54944822,19.71329839,39.37195837,19.67340198,40.60357522,19.70927719,40.49006823,19.29153298,40.3232329,19.24138529,35.33453655,17.39458224,35.33679443,18.82011278,35.44117683,19.51733021,35.21857859,19.86700532,36.26406823,18.12838693,36.67235747,19.57054905,35.72710099,19.95443458,37.41110945,18.50971404,37.80525807,42.15981518,42.50897725,15.05117739,1
AAAAAA,AAAAAAX,F1234,1,2,5,xxxxxx_1_olm_1,2026-03-24 04:04:08.029620+00:00,04:07.0,hcp-02,2026/3/24 12:04,13,3,150.7614926,151.402658,153.0920138,153.0731475,154.9863623,154.8903464,154.094423,153.0788903,158.9036569,156.5305546,153.5462392,152.6373818,150.3342471,149.4972311,149.7981745,149.1882692,577.9303865,284.9974081,0.306952986,149.119404,157.7462917,1.312636257,17.1068461,33.88990913,28.96621774,17.33366431,32.96593682,28.64880664,17.44660307,29.11970864,28.16092713,17.05442158,29.14243465,27.03603759,12.74180124,32.20429299,27.79442586,12.32132487,32.28720749,28.03612325,12.51383947,29.427135,28.43299539,12.65790537,32.34791144,28.07444725,16.74303827,31.09976204,27.26725464,16.69243991,31.2651823,27.25340208,17.79983039,32.84472109,28.52034987,17.97877488,31.17046392,27.02979162,17.21341608,31.84011266,28.07358105,17.27412215,29.65771879,28.96200307,17.29147997,31.45921406,28.94786101,17.25288347,31.30538192,28.95817446,17.1672729,17.0068644,29.49684652,28.42550519,40.08120039,16.98778365,40.57676685,15.29319819,40.37437178,19.33631625,40.54944822,19.71329839,39.37195837,19.67340198,40.60357522,19.70927719,40.49006823,19.29153298,40.3232329,19.24138529,35.33453655,17.39458224,35.33679443,18.82011278,35.44117683,19.51733021,35.21857859,19.86700532,36.26406823,18.12838693,36.67235747,19.57054905,35.72710099,19.95443458,37.41110945,18.50971404,37.80525807,42.15981518,42.50897725,15.05117739,6
AAAAAA,AAAAAAX,F1234,1,2,5,xxxxxx_1_olm_2,2026-03-24 04:04:14.018289+00:00,04:12.9,hcp-02,2026/3/24 12:04,14,3,150.7614926,151.402658,153.0920138,153.0731475,154.9863623,154.8903464,154.094423,153.0788903,158.9036569,156.5305546,153.5462392,152.6373818,150.3342471,149.4972311,149.7981745,149.1882692,577.9303865,284.9974081,0.181048092,147.8073834,157.9316376,1.312636257,17.1068461,33.88990913,28.96621774,17.33366431,32.96593682,28.64880664,17.44660307,29.11970864,28.16092713,17.05442158,29.14243465,27.03603759,12.74180124,32.20429299,27.79442586,12.32132487,32.28720749,28.03612325,12.51383947,29.427135,28.43299539,12.65790537,32.34791144,28.07444725,16.74303827,31.09976204,27.26725464,16.69243991,31.2651823,27.25340208,17.79983039,32.84472109,28.52034987,17.97877488,31.17046392,27.02979162,17.21341608,31.84011266,28.07358105,17.27412215,29.65771879,28.96200307,17.29147997,31.45921406,28.94786101,17.25288347,31.30538192,28.95817446,17.1672729,17.0068644,29.49684652,28.42550519,40.08120039,16.98778365,40.57676685,15.29319819,40.37437178,19.33631625,40.54944822,19.71329839,39.37195837,19.67340198,40.60357522,19.70927719,40.49006823,19.29153298,40.3232329,19.24138529,35.33453655,17.39458224,35.33679443,18.82011278,35.44117683,19.51733021,35.21857859,19.86700532,36.26406823,18.12838693,36.67235747,19.57054905,35.72710099,19.95443458,37.41110945,18.50971404,37.80525807,42.15981518,42.50897725,15.05117739,6
AAAAAA,AAAAAAX,F1234,1,2,5,xxxxxx_1_olm_3,2026-03-24 04:04:20.348762+00:00,04:19.3,hcp-02,2026/3/24 12:04,15,3,150.7614926,151.402658,153.0920138,153.0731475,154.9863623,154.8903464,154.094423,153.0788903,158.9036569,156.5305546,153.5462392,152.6373818,150.3342471,149.4972311,149.7981745,149.1882692,577.9303865,284.9974081,0.91331348,146.0889518,155.0598539,1.312636257,17.1068461,33.88990913,28.96621774,17.33366431,32.96593682,28.64880664,17.44660307,29.11970864,28.16092713,17.05442158,29.14243465,27.03603759,12.74180124,32.20429299,27.79442586,12.32132487,32.28720749,28.03612325,12.51383947,29.427135,28.43299539,12.65790537,32.34791144,28.07444725,16.74303827,31.09976204,27.26725464,16.69243991,31.2651823,27.25340208,17.79983039,32.84472109,28.52034987,17.97877488,31.17046392,27.02979162,17.21341608,31.84011266,28.07358105,17.27412215,29.65771879,28.96200307,17.29147997,31.45921406,28.94786101,17.25288347,31.30538192,28.95817446,17.1672729,17.0068644,29.49684652,28.42550519,40.08120039,16.98778365,40.57676685,15.29319819,40.37437178,19.33631625,40.54944822,19.71329839,39.37195837,19.67340198,40.60357522,19.70927719,40.49006823,19.29153298,40.3232329,19.24138529,35.33453655,17.39458224,35.33679443,18.82011278,35.44117683,19.51733021,35.21857859,19.86700532,36.26406823,18.12838693,36.67235747,19.57054905,35.72710099,19.95443458,37.41110945,18.50971404,37.80525807,42.15981518,42.50897725,15.05117739,7
AAAAAA,AAAAAAX,F1234,1,3,5,xxxxxx_doe3_1,2026-03-24 04:04:26.422475+00:00,04:25.3,hcp-02,2026/3/24 12:04,13,6,150.7614926,151.402658,153.0920138,153.0731475,154.9863623,154.8903464,154.094423,153.0788903,158.9036569,156.5305546,153.5462392,152.6373818,150.3342471,149.4972311,149.7981745,149.1882692,577.9303865,284.9974081,0.335622726,146.5146434,156.2914595,1.312636257,17.1068461,33.88990913,28.96621774,17.33366431,32.96593682,28.64880664,17.44660307,29.11970864,28.16092713,17.05442158,29.14243465,27.03603759,12.74180124,32.20429299,27.79442586,12.32132487,32.28720749,28.03612325,12.51383947,29.427135,28.43299539,12.65790537,32.34791144,28.07444725,16.74303827,31.09976204,27.26725464,16.69243991,31.2651823,27.25340208,17.79983039,32.84472109,28.52034987,17.97877488,31.17046392,27.02979162,17.21341608,31.84011266,28.07358105,17.27412215,29.65771879,28.96200307,17.29147997,31.45921406,28.94786101,17.25288347,31.30538192,28.95817446,17.1672729,17.0068644,29.49684652,28.42550519,40.08120039,16.98778365,40.57676685,15.29319819,40.37437178,19.33631625,40.54944822,19.71329839,39.37195837,19.67340198,40.60357522,19.70927719,40.49006823,19.29153298,40.3232329,19.24138529,35.33453655,17.39458224,35.33679443,18.82011278,35.44117683,19.51733021,35.21857859,19.86700532,36.26406823,18.12838693,36.67235747,19.57054905,35.72710099,19.95443458,37.41110945,18.50971404,37.80525807,42.15981518,42.50897725,15.05117739,7
AAAAAA,AAAAAAX,F1234,1,3,5,xxxxxx_doe3_2,2026-03-24 04:04:31.836485+00:00,04:30.8,hcp-02,2026/3/24 12:04,14,6,150.7614926,151.402658,153.0920138,153.0731475,154.9863623,154.8903464,154.094423,153.0788903,158.9036569,156.5305546,153.5462392,152.6373818,150.3342471,149.4972311,149.7981745,149.1882692,577.9303865,284.9974081,0.332845153,146.6549194,156.8578233,1.312636257,17.1068461,33.88990913,28.96621774,17.33366431,32.96593682,28.64880664,17.44660307,29.11970864,28.16092713,17.05442158,29.14243465,27.03603759,12.74180124,32.20429299,27.79442586,12.32132487,32.28720749,28.03612325,12.51383947,29.427135,28.43299539,12.65790537,32.34791144,28.07444725,16.74303827,31.09976204,27.26725464,16.69243991,31.2651823,27.25340208,17.79983039,32.84472109,28.52034987,17.97877488,31.17046392,27.02979162,17.21341608,31.84011266,28.07358105,17.27412215,29.65771879,28.96200307,17.29147997,31.45921406,28.94786101,17.25288347,31.30538192,28.95817446,17.1672729,17.0068644,29.49684652,28.42550519,40.08120039,16.98778365,40.57676685,15.29319819,40.37437178,19.33631625,40.54944822,19.71329839,39.37195837,19.67340198,40.60357522,19.70927719,40.49006823,19.29153298,40.3232329,19.24138529,35.33453655,17.39458224,35.33679443,18.82011278,35.44117683,19.51733021,35.21857859,19.86700532,36.26406823,18.12838693,36.67235747,19.57054905,35.72710099,19.95443458,37.41110945,18.50971404,37.80525807,42.15981518,42.50897725,15.05117739,7
AAAAAA,AAAAAAX,F1234,1,3,5,xxxxxx_doe3_3,2026-03-24 04:04:45.831034+00:00,04:44.7,hcp-02,2026/3/24 12:04,15,6,150.7614926,151.402658,153.0920138,153.0731475,154.9863623,154.8903464,154.094423,153.0788903,158.9036569,156.5305546,153.5462392,152.6373818,150.3342471,149.4972311,149.7981745,149.1882692,577.9303865,284.9974081,0.139305369,146.5243624,156.482095,1.312636257,17.1068461,33.88990913,28.96621774,17.33366431,32.96593682,28.64880664,17.44660307,29.11970864,28.16092713,17.05442158,29.14243465,27.03603759,12.74180124,32.20429299,27.79442586,12.32132487,32.28720749,28.03612325,12.51383947,29.427135,28.43299539,12.65790537,32.34791144,28.07444725,16.74303827,31.09976204,27.26725464,16.69243991,31.2651823,27.25340208,17.79983039,32.84472109,28.52034987,17.97877488,31.17046392,27.02979162,17.21341608,31.84011266,28.07358105,17.27412215,29.65771879,28.96200307,17.29147997,31.45921406,28.94786101,17.25288347,31.30538192,28.95817446,17.1672729,17.0068644,29.49684652,28.42550519,40.08120039,16.98778365,40.57676685,15.29319819,40.37437178,19.33631625,40.54944822,19.71329839,39.37195837,19.67340198,40.60357522,19.70927719,40.49006823,19.29153298,40.3232329,19.24138529,35.33453655,17.39458224,35.33679443,18.82011278,35.44117683,19.51733021,35.21857859,19.86700532,36.26406823,18.12838693,36.67235747,19.57054905,35.72710099,19.95443458,37.41110945,18.50971404,37.80525807,42.15981518,42.50897725,15.05117739,7
AAAAAA,AAAAAAX,F1234,1,3,5,xxxxxx_1_olm_1,2026-03-24 04:04:52.446632+00:00,04:51.3,hcp-02,2026/3/24 12:04,13,5,150.7614926,151.402658,153.0920138,153.0731475,154.9863623,154.8903464,154.094423,153.0788903,158.9036569,156.5305546,153.5462392,152.6373818,150.3342471,149.4972311,149.7981745,149.1882692,577.9303865,284.9974081,0.498478729,147.1964326,156.2422661,1.312636257,17.1068461,33.88990913,28.96621774,17.33366431,32.96593682,28.64880664,17.44660307,29.11970864,28.16092713,17.05442158,29.14243465,27.03603759,12.74180124,32.20429299,27.79442586,12.32132487,32.28720749,28.03612325,12.51383947,29.427135,28.43299539,12.65790537,32.34791144,28.07444725,16.74303827,31.09976204,27.26725464,16.69243991,31.2651823,27.25340208,17.79983039,32.84472109,28.52034987,17.97877488,31.17046392,27.02979162,17.21341608,31.84011266,28.07358105,17.27412215,29.65771879,28.96200307,17.29147997,31.45921406,28.94786101,17.25288347,31.30538192,28.95817446,17.1672729,17.0068644,29.49684652,28.42550519,40.08120039,16.98778365,40.57676685,15.29319819,40.37437178,19.33631625,40.54944822,19.71329839,39.37195837,19.67340198,40.60357522,19.70927719,40.49006823,19.29153298,40.3232329,19.24138529,35.33453655,17.39458224,35.33679443,18.82011278,35.44117683,19.51733021,35.21857859,19.86700532,36.26406823,18.12838693,36.67235747,19.57054905,35.72710099,19.95443458,37.41110945,18.50971404,37.80525807,42.15981518,42.50897725,15.05117739,2
AAAAAA,AAAAAAX,F1234,1,3,5,xxxxxx_1_olm_2,2026-03-24 04:04:58.313961+00:00,04:57.2,hcp-02,2026/3/24 12:04,14,5,150.7614926,151.402658,153.0920138,153.0731475,154.9863623,154.8903464,154.094423,153.0788903,158.9036569,156.5305546,153.5462392,152.6373818,150.3342471,149.4972311,149.7981745,149.1882692,577.9303865,284.9974081,0.408115302,147.7050619,156.130603,1.312636257,17.1068461,33.88990913,28.96621774,17.33366431,32.96593682,28.64880664,17.44660307,29.11970864,28.16092713,17.05442158,29.14243465,27.03603759,12.74180124,32.20429299,27.79442586,12.32132487,32.28720749,28.03612325,12.51383947,29.427135,28.43299539,12.65790537,32.34791144,28.07444725,16.74303827,31.09976204,27.26725464,16.69243991,31.2651823,27.25340208,17.79983039,32.84472109,28.52034987,17.97877488,31.17046392,27.02979162,17.21341608,31.84011266,28.07358105,17.27412215,29.65771879,28.96200307,17.29147997,31.45921406,28.94786101,17.25288347,31.30538192,28.95817446,17.1672729,17.0068644,29.49684652,28.42550519,40.08120039,16.98778365,40.57676685,15.29319819,40.37437178,19.33631625,40.54944822,19.71329839,39.37195837,19.67340198,40.60357522,19.70927719,40.49006823,19.29153298,40.3232329,19.24138529,35.33453655,17.39458224,35.33679443,18.82011278,35.44117683,19.51733021,35.21857859,19.86700532,36.26406823,18.12838693,36.67235747,19.57054905,35.72710099,19.95443458,37.41110945,18.50971404,37.80525807,42.15981518,42.50897725,15.05117739,7
AAAAAA,AAAAAAX,F1234,1,3,5,xxxxxx_1_olm_3,2026-03-24 04:05:04.671409+00:00,05:03.6,hcp-02,2026/3/24 12:05,15,5,150.7614926,151.402658,153.0920138,153.0731475,154.9863623,154.8903464,154.094423,153.0788903,158.9036569,156.5305546,153.5462392,152.6373818,150.3342471,149.4972311,149.7981745,149.1882692,577.9303865,284.9974081,0.65505861,146.6780885,156.7992713,1.312636257,17.1068461,33.88990913,28.96621774,17.33366431,32.96593682,28.64880664,17.44660307,29.11970864,28.16092713,17.05442158,29.14243465,27.03603759,12.74180124,32.20429299,27.79442586,12.32132487,32.28720749,28.03612325,12.51383947,29.427135,28.43299539,12.65790537,32.34791144,28.07444725,16.74303827,31.09976204,27.26725464,16.69243991,31.2651823,27.25340208,17.79983039,32.84472109,28.52034987,17.97877488,31.17046392,27.02979162,17.21341608,31.84011266,28.07358105,17.27412215,29.65771879,28.96200307,17.29147997,31.45921406,28.94786101,17.25288347,31.30538192,28.95817446,17.1672729,17.0068644,29.49684652,28.42550519,40.08120039,16.98778365,40.57676685,15.29319819,40.37437178,19.33631625,40.54944822,19.71329839,39.37195837,19.67340198,40.60357522,19.70927719,40.49006823,19.29153298,40.3232329,19.24138529,35.33453655,17.39458224,35.33679443,18.82011278,35.44117683,19.51733021,35.21857859,19.86700532,36.26406823,18.12838693,36.67235747,19.57054905,35.72710099,19.95443458,37.41110945,18.50971404,37.80525807,42.15981518,42.50897725,15.05117739,7
AAAAAA,AAAAAAX,F1234,1,4,5,xxxxxx_doe3_1,2026-03-24 04:05:34.120376+00:00,05:33.1,hcp-02,2026/3/24 12:05,13,8,150.7614926,151.402658,153.0920138,153.0731475,154.9863623,154.8903464,154.094423,153.0788903,158.9036569,156.5305546,153.5462392,152.6373818,150.3342471,149.4972311,149.7981745,149.1882692,577.9303865,284.9974081,0.110578321,146.8163615,156.6508228,1.312636257,17.1068461,33.88990913,28.96621774,17.33366431,32.96593682,28.64880664,17.44660307,29.11970864,28.16092713,17.05442158,29.14243465,27.03603759,12.74180124,32.20429299,27.79442586,12.32132487,32.28720749,28.03612325,12.51383947,29.427135,28.43299539,12.65790537,32.34791144,28.07444725,16.74303827,31.09976204,27.26725464,16.69243991,31.2651823,27.25340208,17.79983039,32.84472109,28.52034987,17.97877488,31.17046392,27.02979162,17.21341608,31.84011266,28.07358105,17.27412215,29.65771879,28.96200307,17.29147997,31.45921406,28.94786101,17.25288347,31.30538192,28.95817446,17.1672729,17.0068644,29.49684652,28.42550519,40.08120039,16.98778365,40.57676685,15.29319819,40.37437178,19.33631625,40.54944822,19.71329839,39.37195837,19.67340198,40.60357522,19.70927719,40.49006823,19.29153298,40.3232329,19.24138529,35.33453655,17.39458224,35.33679443,18.82011278,35.44117683,19.51733021,35.21857859,19.86700532,36.26406823,18.12838693,36.67235747,19.57054905,35.72710099,19.95443458,37.41110945,18.50971404,37.80525807,42.15981518,42.50897725,15.05117739,7
AAAAAA,AAAAAAX,F1234,1,4,5,xxxxxx_doe3_2,2026-03-24 04:05:40.381310+00:00,05:39.3,hcp-02,2026/3/24 12:05,14,8,150.7614926,151.402658,153.0920138,153.0731475,154.9863623,154.8903464,154.094423,153.0788903,158.9036569,156.5305546,153.5462392,152.6373818,150.3342471,149.4972311,149.7981745,149.1882692,577.9303865,284.9974081,0.894728746,146.6235486,155.0533146,1.312636257,17.1068461,33.88990913,28.96621774,17.33366431,32.96593682,28.64880664,17.44660307,29.11970864,28.16092713,17.05442158,29.14243465,27.03603759,12.74180124,32.20429299,27.79442586,12.32132487,32.28720749,28.03612325,12.51383947,29.427135,28.43299539,12.65790537,32.34791144,28.07444725,16.74303827,31.09976204,27.26725464,16.69243991,31.2651823,27.25340208,17.79983039,32.84472109,28.52034987,17.97877488,31.17046392,27.02979162,17.21341608,31.84011266,28.07358105,17.27412215,29.65771879,28.96200307,17.29147997,31.45921406,28.94786101,17.25288347,31.30538192,28.95817446,17.1672729,17.0068644,29.49684652,28.42550519,40.08120039,16.98778365,40.57676685,15.29319819,40.37437178,19.33631625,40.54944822,19.71329839,39.37195837,19.67340198,40.60357522,19.70927719,40.49006823,19.29153298,40.3232329,19.24138529,35.33453655,17.39458224,35.33679443,18.82011278,35.44117683,19.51733021,35.21857859,19.86700532,36.26406823,18.12838693,36.67235747,19.57054905,35.72710099,19.95443458,37.41110945,18.50971404,37.80525807,42.15981518,42.50897725,15.05117739,6
AAAAAA,AAAAAAX,F1234,1,4,5,xxxxxx_doe3_3,2026-03-24 04:05:46.678058+00:00,05:45.7,hcp-02,2026/3/24 12:05,15,8,150.7614926,151.402658,153.0920138,153.0731475,154.9863623,154.8903464,154.094423,153.0788903,158.9036569,156.5305546,153.5462392,152.6373818,150.3342471,149.4972311,149.7981745,149.1882692,577.9303865,284.9974081,0.059653062,146.9841327,155.7375609,1.312636257,17.1068461,33.88990913,28.96621774,17.33366431,32.96593682,28.64880664,17.44660307,29.11970864,28.16092713,17.05442158,29.14243465,27.03603759,12.74180124,32.20429299,27.79442586,12.32132487,32.28720749,28.03612325,12.51383947,29.427135,28.43299539,12.65790537,32.34791144,28.07444725,16.74303827,31.09976204,27.26725464,16.69243991,31.2651823,27.25340208,17.79983039,32.84472109,28.52034987,17.97877488,31.17046392,27.02979162,17.21341608,31.84011266,28.07358105,17.27412215,29.65771879,28.96200307,17.29147997,31.45921406,28.94786101,17.25288347,31.30538192,28.95817446,17.1672729,17.0068644,29.49684652,28.42550519,40.08120039,16.98778365,40.57676685,15.29319819,40.37437178,19.33631625,40.54944822,19.71329839,39.37195837,19.67340198,40.60357522,19.70927719,40.49006823,19.29153298,40.3232329,19.24138529,35.33453655,17.39458224,35.33679443,18.82011278,35.44117683,19.51733021,35.21857859,19.86700532,36.26406823,18.12838693,36.67235747,19.57054905,35.72710099,19.95443458,37.41110945,18.50971404,37.80525807,42.15981518,42.50897725,15.05117739,7
AAAAAA,AAAAAAX,F1234,1,4,5,xxxxxx_1_olm_1,2026-03-24 04:05:52.569360+00:00,05:51.5,hcp-02,2026/3/24 12:05,13,7,150.7614926,151.402658,153.0920138,153.0731475,154.9863623,154.8903464,154.094423,153.0788903,158.9036569,156.5305546,153.5462392,152.6373818,150.3342471,149.4972311,149.7981745,149.1882692,577.9303865,284.9974081,0.785091913,147.4100671,156.3634729,1.312636257,17.1068461,33.88990913,28.96621774,17.33366431,32.96593682,28.64880664,17.44660307,29.11970864,28.16092713,17.05442158,29.14243465,27.03603759,12.74180124,32.20429299,27.79442586,12.32132487,32.28720749,28.03612325,12.51383947,29.427135,28.43299539,12.65790537,32.34791144,28.07444725,16.74303827,31.09976204,27.26725464,16.69243991,31.2651823,27.25340208,17.79983039,32.84472109,28.52034987,17.97877488,31.17046392,27.02979162,17.21341608,31.84011266,28.07358105,17.27412215,29.65771879,28.96200307,17.29147997,31.45921406,28.94786101,17.25288347,31.30538192,28.95817446,17.1672729,17.0068644,29.49684652,28.42550519,40.08120039,16.98778365,40.57676685,15.29319819,40.37437178,19.33631625,40.54944822,19.71329839,39.37195837,19.67340198,40.60357522,19.70927719,40.49006823,19.29153298,40.3232329,19.24138529,35.33453655,17.39458224,35.33679443,18.82011278,35.44117683,19.51733021,35.21857859,19.86700532,36.26406823,18.12838693,36.67235747,19.57054905,35.72710099,19.95443458,37.41110945,18.50971404,37.80525807,42.15981518,42.50897725,15.05117739,7
AAAAAA,AAAAAAX,F1234,1,4,5,xxxxxx_1_olm_2,2026-03-24 04:06:08.635897+00:00,06:07.6,hcp-02,2026/3/24 12:06,14,7,150.7614926,151.402658,153.0920138,153.0731475,154.9863623,154.8903464,154.094423,153.0788903,158.9036569,156.5305546,153.5462392,152.6373818,150.3342471,149.4972311,149.7981745,149.1882692,577.9303865,284.9974081,0.999431958,146.6873819,156.7022647,1.312636257,17.1068461,33.88990913,28.96621774,17.33366431,32.96593682,28.64880664,17.44660307,29.11970864,28.16092713,17.05442158,29.14243465,27.03603759,12.74180124,32.20429299,27.79442586,12.32132487,32.28720749,28.03612325,12.51383947,29.427135,28.43299539,12.65790537,32.34791144,28.07444725,16.74303827,31.09976204,27.26725464,16.69243991,31.2651823,27.25340208,17.79983039,32.84472109,28.52034987,17.97877488,31.17046392,27.02979162,17.21341608,31.84011266,28.07358105,17.27412215,29.65771879,28.96200307,17.29147997,31.45921406,28.94786101,17.25288347,31.30538192,28.95817446,17.1672729,17.0068644,29.49684652,28.42550519,40.08120039,16.98778365,40.57676685,15.29319819,40.37437178,19.33631625,40.54944822,19.71329839,39.37195837,19.67340198,40.60357522,19.70927719,40.49006823,19.29153298,40.3232329,19.24138529,35.33453655,17.39458224,35.33679443,18.82011278,35.44117683,19.51733021,35.21857859,19.86700532,36.26406823,18.12838693,36.67235747,19.57054905,35.72710099,19.95443458,37.41110945,18.50971404,37.80525807,42.15981518,42.50897725,15.05117739,7
AAAAAA,AAAAAAX,F1234,1,4,5,xxxxxx_1_olm_3,2026-03-24 04:06:14.643695+00:00,06:13.5,hcp-02,2026/3/24 12:06,15,7,150.7614926,151.402658,153.0920138,153.0731475,154.9863623,154.8903464,154.094423,153.0788903,158.9036569,156.5305546,153.5462392,152.6373818,150.3342471,149.4972311,149.7981745,149.1882692,577.9303865,284.9974081,0.520963055,145.0981764,154.1643943,1.312636257,17.1068461,33.88990913,28.96621774,17.33366431,32.96593682,28.64880664,17.44660307,29.11970864,28.16092713,17.05442158,29.14243465,27.03603759,12.74180124,32.20429299,27.79442586,12.32132487,32.28720749,28.03612325,12.51383947,29.427135,28.43299539,12.65790537,32.34791144,28.07444725,16.74303827,31.09976204,27.26725464,16.69243991,31.2651823,27.25340208,17.79983039,32.84472109,28.52034987,17.97877488,31.17046392,27.02979162,17.21341608,31.84011266,28.07358105,17.27412215,29.65771879,28.96200307,17.29147997,31.45921406,28.94786101,17.25288347,31.30538192,28.95817446,17.1672729,17.0068644,29.49684652,28.42550519,40.08120039,16.98778365,40.57676685,15.29319819,40.37437178,19.33631625,40.54944822,19.71329839,39.37195837,19.67340198,40.60357522,19.70927719,40.49006823,19.29153298,40.3232329,19.24138529,35.33453655,17.39458224,35.33679443,18.82011278,35.44117683,19.51733021,35.21857859,19.86700532,36.26406823,18.12838693,36.67235747,19.57054905,35.72710099,19.95443458,37.41110945,18.50971404,37.80525807,42.15981518,42.50897725,15.05117739,2
AAAAAA,AAAAAAX,F1234,1,5,5,xxxxxx_doe3_1,2026-03-24 04:06:20.988484+00:00,06:19.9,hcp-02,2026/3/24 12:06,13,10,150.7614926,151.402658,153.0920138,153.0731475,154.9863623,154.8903464,154.094423,153.0788903,158.9036569,156.5305546,153.5462392,152.6373818,150.3342471,149.4972311,149.7981745,149.1882692,577.9303865,284.9974081,0.58764125,144.9199819,156.9483177,1.312636257,17.1068461,33.88990913,28.96621774,17.33366431,32.96593682,28.64880664,17.44660307,29.11970864,28.16092713,17.05442158,29.14243465,27.03603759,12.74180124,32.20429299,27.79442586,12.32132487,32.28720749,28.03612325,12.51383947,29.427135,28.43299539,12.65790537,32.34791144,28.07444725,16.74303827,31.09976204,27.26725464,16.69243991,31.2651823,27.25340208,17.79983039,32.84472109,28.52034987,17.97877488,31.17046392,27.02979162,17.21341608,31.84011266,28.07358105,17.27412215,29.65771879,28.96200307,17.29147997,31.45921406,28.94786101,17.25288347,31.30538192,28.95817446,17.1672729,17.0068644,29.49684652,28.42550519,40.08120039,16.98778365,40.57676685,15.29319819,40.37437178,19.33631625,40.54944822,19.71329839,39.37195837,19.67340198,40.60357522,19.70927719,40.49006823,19.29153298,40.3232329,19.24138529,35.33453655,17.39458224,35.33679443,18.82011278,35.44117683,19.51733021,35.21857859,19.86700532,36.26406823,18.12838693,36.67235747,19.57054905,35.72710099,19.95443458,37.41110945,18.50971404,37.80525807,42.15981518,42.50897725,15.05117739,2
AAAAAA,AAAAAAX,F1234,1,5,5,xxxxxx_doe3_2,2026-03-24 04:06:26.794542+00:00,06:25.6,hcp-02,2026/3/24 12:06,14,10,150.7614926,151.402658,153.0920138,153.0731475,154.9863623,154.8903464,154.094423,153.0788903,158.9036569,156.5305546,153.5462392,152.6373818,150.3342471,149.4972311,149.7981745,149.1882692,577.9303865,284.9974081,0.104921359,146.2508253,156.0587175,1.312636257,17.1068461,33.88990913,28.96621774,17.33366431,32.96593682,28.64880664,17.44660307,29.11970864,28.16092713,17.05442158,29.14243465,27.03603759,12.74180124,32.20429299,27.79442586,12.32132487,32.28720749,28.03612325,12.51383947,29.427135,28.43299539,12.65790537,32.34791144,28.07444725,16.74303827,31.09976204,27.26725464,16.69243991,31.2651823,27.25340208,17.79983039,32.84472109,28.52034987,17.97877488,31.17046392,27.02979162,17.21341608,31.84011266,28.07358105,17.27412215,29.65771879,28.96200307,17.29147997,31.45921406,28.94786101,17.25288347,31.30538192,28.95817446,17.1672729,17.0068644,29.49684652,28.42550519,40.08120039,16.98778365,40.57676685,15.29319819,40.37437178,19.33631625,40.54944822,19.71329839,39.37195837,19.67340198,40.60357522,19.70927719,40.49006823,19.29153298,40.3232329,19.24138529,35.33453655,17.39458224,35.33679443,18.82011278,35.44117683,19.51733021,35.21857859,19.86700532,36.26406823,18.12838693,36.67235747,19.57054905,35.72710099,19.95443458,37.41110945,18.50971404,37.80525807,42.15981518,42.50897725,15.05117739,7
AAAAAA,AAAAAAX,F1234,1,5,5,xxxxxx_doe3_3,2026-03-24 04:06:32.739960+00:00,06:31.6,hcp-02,2026/3/24 12:06,15,10,150.7614926,151.402658,153.0920138,153.0731475,154.9863623,154.8903464,154.094423,153.0788903,158.9036569,156.5305546,153.5462392,152.6373818,150.3342471,149.4972311,149.7981745,149.1882692,577.9303865,284.9974081,0.387219209,146.90325,155.3164459,1.312636257,17.1068461,33.88990913,28.96621774,17.33366431,32.96593682,28.64880664,17.44660307,29.11970864,28.16092713,17.05442158,29.14243465,27.03603759,12.74180124,32.20429299,27.79442586,12.32132487,32.28720749,28.03612325,12.51383947,29.427135,28.43299539,12.65790537,32.34791144,28.07444725,16.74303827,31.09976204,27.26725464,16.69243991,31.2651823,27.25340208,17.79983039,32.84472109,28.52034987,17.97877488,31.17046392,27.02979162,17.21341608,31.84011266,28.07358105,17.27412215,29.65771879,28.96200307,17.29147997,31.45921406,28.94786101,17.25288347,31.30538192,28.95817446,17.1672729,17.0068644,29.49684652,28.42550519,40.08120039,16.98778365,40.57676685,15.29319819,40.37437178,19.33631625,40.54944822,19.71329839,39.37195837,19.67340198,40.60357522,19.70927719,40.49006823,19.29153298,40.3232329,19.24138529,35.33453655,17.39458224,35.33679443,18.82011278,35.44117683,19.51733021,35.21857859,19.86700532,36.26406823,18.12838693,36.67235747,19.57054905,35.72710099,19.95443458,37.41110945,18.50971404,37.80525807,42.15981518,42.50897725,15.05117739,7
AAAAAA,AAAAAAX,F1234,1,5,5,xxxxxx_1_olm_1,2026-03-24 04:06:38.492258+00:00,06:37.3,hcp-02,2026/3/24 12:06,13,9,150.7614926,151.402658,153.0920138,153.0731475,154.9863623,154.8903464,154.094423,153.0788903,158.9036569,156.5305546,153.5462392,152.6373818,150.3342471,149.4972311,149.7981745,149.1882692,577.9303865,284.9974081,0.733452844,147.6130806,156.033683,1.312636257,17.1068461,33.88990913,28.96621774,17.33366431,32.96593682,28.64880664,17.44660307,29.11970864,28.16092713,17.05442158,29.14243465,27.03603759,12.74180124,32.20429299,27.79442586,12.32132487,32.28720749,28.03612325,12.51383947,29.427135,28.43299539,12.65790537,32.34791144,28.07444725,16.74303827,31.09976204,27.26725464,16.69243991,31.2651823,27.25340208,17.79983039,32.84472109,28.52034987,17.97877488,31.17046392,27.02979162,17.21341608,31.84011266,28.07358105,17.27412215,29.65771879,28.96200307,17.29147997,31.45921406,28.94786101,17.25288347,31.30538192,28.95817446,17.1672729,17.0068644,29.49684652,28.42550519,40.08120039,16.98778365,40.57676685,15.29319819,40.37437178,19.33631625,40.54944822,19.71329839,39.37195837,19.67340198,40.60357522,19.70927719,40.49006823,19.29153298,40.3232329,19.24138529,35.33453655,17.39458224,35.33679443,18.82011278,35.44117683,19.51733021,35.21857859,19.86700532,36.26406823,18.12838693,36.67235747,19.57054905,35.72710099,19.95443458,37.41110945,18.50971404,37.80525807,42.15981518,42.50897725,15.05117739,7
AAAAAA,AAAAAAX,F1234,1,5,5,xxxxxx_1_olm_2,2026-03-24 04:06:44.145902+00:00,06:43.1,hcp-02,2026/3/24 12:06,14,9,150.7614926,151.402658,153.0920138,153.0731475,154.9863623,154.8903464,154.094423,153.0788903,158.9036569,156.5305546,153.5462392,152.6373818,150.3342471,149.4972311,149.7981745,149.1882692,577.9303865,284.9974081,0.75448202,147.2221279,155.8445234,1.312636257,17.1068461,33.88990913,28.96621774,17.33366431,32.96593682,28.64880664,17.44660307,29.11970864,28.16092713,17.05442158,29.14243465,27.03603759,12.74180124,32.20429299,27.79442586,12.32132487,32.28720749,28.03612325,12.51383947,29.427135,28.43299539,12.65790537,32.34791144,28.07444725,16.74303827,31.09976204,27.26725464,16.69243991,31.2651823,27.25340208,17.79983039,32.84472109,28.52034987,17.97877488,31.17046392,27.02979162,17.21341608,31.84011266,28.07358105,17.27412215,29.65771879,28.96200307,17.29147997,31.45921406,28.94786101,17.25288347,31.30538192,28.95817446,17.1672729,17.0068644,29.49684652,28.42550519,40.08120039,16.98778365,40.57676685,15.29319819,40.37437178,19.33631625,40.54944822,19.71329839,39.37195837,19.67340198,40.60357522,19.70927719,40.49006823,19.29153298,40.3232329,19.24138529,35.33453655,17.39458224,35.33679443,18.82011278,35.44117683,19.51733021,35.21857859,19.86700532,36.26406823,18.12838693,36.67235747,19.57054905,35.72710099,19.95443458,37.41110945,18.50971404,37.80525807,42.15981518,42.50897725,15.05117739,6
AAAAAA,AAAAAAX,F1234,1,5,5,xxxxxx_1_olm_3,2026-03-24 04:06:50.308068+00:00,06:49.2,hcp-02,2026/3/24 12:06,15,9,150.7614926,151.402658,153.0920138,153.0731475,154.9863623,154.8903464,154.094423,153.0788903,158.9036569,156.5305546,153.5462392,152.6373818,150.3342471,149.4972311,149.7981745,149.1882692,577.9303865,284.9974081,0.149699822,145.3192904,154.191586,1.312636257,17.1068461,33.88990913,28.96621774,17.33366431,32.96593682,28.64880664,17.44660307,29.11970864,28.16092713,17.05442158,29.14243465,27.03603759,12.74180124,32.20429299,27.79442586,12.32132487,32.28720749,28.03612325,12.51383947,29.427135,28.43299539,12.65790537,32.34791144,28.07444725,16.74303827,31.09976204,27.26725464,16.69243991,31.2651823,27.25340208,17.79983039,32.84472109,28.52034987,17.97877488,31.17046392,27.02979162,17.21341608,31.84011266,28.07358105,17.27412215,29.65771879,28.96200307,17.29147997,31.45921406,28.94786101,17.25288347,31.30538192,28.95817446,17.1672729,17.0068644,29.49684652,28.42550519,40.08120039,16.98778365,40.57676685,15.29319819,40.37437178,19.33631625,40.54944822,19.71329839,39.37195837,19.67340198,40.60357522,19.70927719,40.49006823,19.29153298,40.3232329,19.24138529,35.33453655,17.39458224,35.33679443,18.82011278,35.44117683,19.51733021,35.21857859,19.86700532,36.26406823,18.12838693,36.67235747,19.57054905,35.72710099,19.95443458,37.41110945,18.50971404,37.80525807,42.15981518,42.50897725,15.05117739,7
AAAAAA,AAAAAAX,F1234,1,6,5,xxxxxx_doe3_1,2026-03-24 04:06:57.158369+00:00,06:56.1,hcp-02,2026/3/24 12:06,13,12,150.7614926,151.402658,153.0920138,153.0731475,154.9863623,154.8903464,154.094423,153.0788903,158.9036569,156.5305546,153.5462392,152.6373818,150.3342471,149.4972311,149.7981745,149.1882692,577.9303865,284.9974081,0.327827971,146.240542,156.2418815,1.312636257,17.1068461,33.88990913,28.96621774,17.33366431,32.96593682,28.64880664,17.44660307,29.11970864,28.16092713,17.05442158,29.14243465,27.03603759,12.74180124,32.20429299,27.79442586,12.32132487,32.28720749,28.03612325,12.51383947,29.427135,28.43299539,12.65790537,32.34791144,28.07444725,16.74303827,31.09976204,27.26725464,16.69243991,31.2651823,27.25340208,17.79983039,32.84472109,28.52034987,17.97877488,31.17046392,27.02979162,17.21341608,31.84011266,28.07358105,17.27412215,29.65771879,28.96200307,17.29147997,31.45921406,28.94786101,17.25288347,31.30538192,28.95817446,17.1672729,17.0068644,29.49684652,28.42550519,40.08120039,16.98778365,40.57676685,15.29319819,40.37437178,19.33631625,40.54944822,19.71329839,39.37195837,19.67340198,40.60357522,19.70927719,40.49006823,19.29153298,40.3232329,19.24138529,35.33453655,17.39458224,35.33679443,18.82011278,35.44117683,19.51733021,35.21857859,19.86700532,36.26406823,18.12838693,36.67235747,19.57054905,35.72710099,19.95443458,37.41110945,18.50971404,37.80525807,42.15981518,42.50897725,15.05117739,2
AAAAAA,AAAAAAX,F1234,1,6,5,xxxxxx_doe3_2,2026-03-24 04:07:03.189310+00:00,07:02.1,hcp-02,2026/3/24 12:07,14,12,150.7614926,151.402658,153.0920138,153.0731475,154.9863623,154.8903464,154.094423,153.0788903,158.9036569,156.5305546,153.5462392,152.6373818,150.3342471,149.4972311,149.7981745,149.1882692,577.9303865,284.9974081,0.139239495,147.8256572,156.8515637,1.312636257,17.1068461,33.88990913,28.96621774,17.33366431,32.96593682,28.64880664,17.44660307,29.11970864,28.16092713,17.05442158,29.14243465,27.03603759,12.74180124,32.20429299,27.79442586,12.32132487,32.28720749,28.03612325,12.51383947,29.427135,28.43299539,12.65790537,32.34791144,28.07444725,16.74303827,31.09976204,27.26725464,16.69243991,31.2651823,27.25340208,17.79983039,32.84472109,28.52034987,17.97877488,31.17046392,27.02979162,17.21341608,31.84011266,28.07358105,17.27412215,29.65771879,28.96200307,17.29147997,31.45921406,28.94786101,17.25288347,31.30538192,28.95817446,17.1672729,17.0068644,29.49684652,28.42550519,40.08120039,16.98778365,40.57676685,15.29319819,40.37437178,19.33631625,40.54944822,19.71329839,39.37195837,19.67340198,40.60357522,19.70927719,40.49006823,19.29153298,40.3232329,19.24138529,35.33453655,17.39458224,35.33679443,18.82011278,35.44117683,19.51733021,35.21857859,19.86700532,36.26406823,18.12838693,36.67235747,19.57054905,35.72710099,19.95443458,37.41110945,18.50971404,37.80525807,42.15981518,42.50897725,15.05117739,1
AAAAAA,AAAAAAX,F1234,1,6,5,xxxxxx_doe3_3,2026-03-24 04:07:18.206216+00:00,07:17.1,hcp-02,2026/3/24 12:07,15,12,150.7614926,151.402658,153.0920138,153.0731475,154.9863623,154.8903464,154.094423,153.0788903,158.9036569,156.5305546,153.5462392,152.6373818,150.3342471,149.4972311,149.7981745,149.1882692,577.9303865,284.9974081,0.065459271,147.5013129,155.1541804,1.312636257,17.1068461,33.88990913,28.96621774,17.33366431,32.96593682,28.64880664,17.44660307,29.11970864,28.16092713,17.05442158,29.14243465,27.03603759,12.74180124,32.20429299,27.79442586,12.32132487,32.28720749,28.03612325,12.51383947,29.427135,28.43299539,12.65790537,32.34791144,28.07444725,16.74303827,31.09976204,27.26725464,16.69243991,31.2651823,27.25340208,17.79983039,32.84472109,28.52034987,17.97877488,31.17046392,27.02979162,17.21341608,31.84011266,28.07358105,17.27412215,29.65771879,28.96200307,17.29147997,31.45921406,28.94786101,17.25288347,31.30538192,28.95817446,17.1672729,17.0068644,29.49684652,28.42550519,40.08120039,16.98778365,40.57676685,15.29319819,40.37437178,19.33631625,40.54944822,19.71329839,39.37195837,19.67340198,40.60357522,19.70927719,40.49006823,19.29153298,40.3232329,19.24138529,35.33453655,17.39458224,35.33679443,18.82011278,35.44117683,19.51733021,35.21857859,19.86700532,36.26406823,18.12838693,36.67235747,19.57054905,35.72710099,19.95443458,37.41110945,18.50971404,37.80525807,42.15981518,42.50897725,15.05117739,2
AAAAAA,AAAAAAX,F1234,1,6,5,xxxxxx_1_olm_1,2026-03-24 04:07:24.453891+00:00,07:23.4,hcp-02,2026/3/24 12:07,13,11,150.7614926,151.402658,153.0920138,153.0731475,154.9863623,154.8903464,154.094423,153.0788903,158.9036569,156.5305546,153.5462392,152.6373818,150.3342471,149.4972311,149.7981745,149.1882692,577.9303865,284.9974081,0.182547543,147.982108,156.0675374,1.312636257,17.1068461,33.88990913,28.96621774,17.33366431,32.96593682,28.64880664,17.44660307,29.11970864,28.16092713,17.05442158,29.14243465,27.03603759,12.74180124,32.20429299,27.79442586,12.32132487,32.28720749,28.03612325,12.51383947,29.427135,28.43299539,12.65790537,32.34791144,28.07444725,16.74303827,31.09976204,27.26725464,16.69243991,31.2651823,27.25340208,17.79983039,32.84472109,28.52034987,17.97877488,31.17046392,27.02979162,17.21341608,31.84011266,28.07358105,17.27412215,29.65771879,28.96200307,17.29147997,31.45921406,28.94786101,17.25288347,31.30538192,28.95817446,17.1672729,17.0068644,29.49684652,28.42550519,40.08120039,16.98778365,40.57676685,15.29319819,40.37437178,19.33631625,40.54944822,19.71329839,39.37195837,19.67340198,40.60357522,19.70927719,40.49006823,19.29153298,40.3232329,19.24138529,35.33453655,17.39458224,35.33679443,18.82011278,35.44117683,19.51733021,35.21857859,19.86700532,36.26406823,18.12838693,36.67235747,19.57054905,35.72710099,19.95443458,37.41110945,18.50971404,37.80525807,42.15981518,42.50897725,15.05117739,7
AAAAAA,AAAAAAX,F1234,1,6,5,xxxxxx_1_olm_2,2026-03-24 04:07:30.692146+00:00,07:29.7,hcp-02,2026/3/24 12:07,14,11,150.7614926,151.402658,153.0920138,153.0731475,154.9863623,154.8903464,154.094423,153.0788903,158.9036569,156.5305546,153.5462392,152.6373818,150.3342471,149.4972311,149.7981745,149.1882692,577.9303865,284.9974081,0.314463496,147.8937481,156.4375739,1.312636257,17.1068461,33.88990913,28.96621774,17.33366431,32.96593682,28.64880664,17.44660307,29.11970864,28.16092713,17.05442158,29.14243465,27.03603759,12.74180124,32.20429299,27.79442586,12.32132487,32.28720749,28.03612325,12.51383947,29.427135,28.43299539,12.65790537,32.34791144,28.07444725,16.74303827,31.09976204,27.26725464,16.69243991,31.2651823,27.25340208,17.79983039,32.84472109,28.52034987,17.97877488,31.17046392,27.02979162,17.21341608,31.84011266,28.07358105,17.27412215,29.65771879,28.96200307,17.29147997,31.45921406,28.94786101,17.25288347,31.30538192,28.95817446,17.1672729,17.0068644,29.49684652,28.42550519,40.08120039,16.98778365,40.57676685,15.29319819,40.37437178,19.33631625,40.54944822,19.71329839,39.37195837,19.67340198,40.60357522,19.70927719,40.49006823,19.29153298,40.3232329,19.24138529,35.33453655,17.39458224,35.33679443,18.82011278,35.44117683,19.51733021,35.21857859,19.86700532,36.26406823,18.12838693,36.67235747,19.57054905,35.72710099,19.95443458,37.41110945,18.50971404,37.80525807,42.15981518,42.50897725,15.05117739,2
AAAAAA,AAAAAAX,F1234,1,6,5,xxxxxx_1_olm_3,2026-03-24 04:07:36.000367+00:00,07:35.0,hcp-02,2026/3/24 12:07,15,11,150.7614926,151.402658,153.0920138,153.0731475,154.9863623,154.8903464,154.094423,153.0788903,158.9036569,156.5305546,153.5462392,152.6373818,150.3342471,149.4972311,149.7981745,149.1882692,577.9303865,284.9974081,0.786774876,146.4381302,155.5507137,1.312636257,17.1068461,33.88990913,28.96621774,17.33366431,32.96593682,28.64880664,17.44660307,29.11970864,28.16092713,17.05442158,29.14243465,27.03603759,12.74180124,32.20429299,27.79442586,12.32132487,32.28720749,28.03612325,12.51383947,29.427135,28.43299539,12.65790537,32.34791144,28.07444725,16.74303827,31.09976204,27.26725464,16.69243991,31.2651823,27.25340208,17.79983039,32.84472109,28.52034987,17.97877488,31.17046392,27.02979162,17.21341608,31.84011266,28.07358105,17.27412215,29.65771879,28.96200307,17.29147997,31.45921406,28.94786101,17.25288347,31.30538192,28.95817446,17.1672729,17.0068644,29.49684652,28.42550519,40.08120039,16.98778365,40.57676685,15.29319819,40.37437178,19.33631625,40.54944822,19.71329839,39.37195837,19.67340198,40.60357522,19.70927719,40.49006823,19.29153298,40.3232329,19.24138529,35.33453655,17.39458224,35.33679443,18.82011278,35.44117683,19.51733021,35.21857859,19.86700532,36.26406823,18.12838693,36.67235747,19.57054905,35.72710099,19.95443458,37.41110945,18.50971404,37.80525807,42.15981518,42.50897725,15.05117739,2
AAAAAA,AAAAAAX,F1234,1,7,5,xxxxxx_doe3_1,2026-03-24 04:07:52.641500+00:00,07:51.6,hcp-02,2026/3/24 12:07,13,14,150.7614926,151.402658,153.0920138,153.0731475,154.9863623,154.8903464,154.094423,153.0788903,158.9036569,156.5305546,153.5462392,152.6373818,150.3342471,149.4972311,149.7981745,149.1882692,577.9303865,284.9974081,0.64341207,147.1376088,157.3067443,1.312636257,17.1068461,33.88990913,28.96621774,17.33366431,32.96593682,28.64880664,17.44660307,29.11970864,28.16092713,17.05442158,29.14243465,27.03603759,12.74180124,32.20429299,27.79442586,12.32132487,32.28720749,28.03612325,12.51383947,29.427135,28.43299539,12.65790537,32.34791144,28.07444725,16.74303827,31.09976204,27.26725464,16.69243991,31.2651823,27.25340208,17.79983039,32.84472109,28.52034987,17.97877488,31.17046392,27.02979162,17.21341608,31.84011266,28.07358105,17.27412215,29.65771879,28.96200307,17.29147997,31.45921406,28.94786101,17.25288347,31.30538192,28.95817446,17.1672729,17.0068644,29.49684652,28.42550519,40.08120039,16.98778365,40.57676685,15.29319819,40.37437178,19.33631625,40.54944822,19.71329839,39.37195837,19.67340198,40.60357522,19.70927719,40.49006823,19.29153298,40.3232329,19.24138529,35.33453655,17.39458224,35.33679443,18.82011278,35.44117683,19.51733021,35.21857859,19.86700532,36.26406823,18.12838693,36.67235747,19.57054905,35.72710099,19.95443458,37.41110945,18.50971404,37.80525807,42.15981518,42.50897725,15.05117739,1
AAAAAA,AAAAAAX,F1234,1,7,5,xxxxxx_doe3_2,2026-03-24 04:08:08.849373+00:00,08:07.8,hcp-02,2026/3/24 12:08,14,14,150.7614926,151.402658,153.0920138,153.0731475,154.9863623,154.8903464,154.094423,153.0788903,158.9036569,156.5305546,153.5462392,152.6373818,150.3342471,149.4972311,149.7981745,149.1882692,577.9303865,284.9974081,0.430779411,147.7172554,157.5411648,1.312636257,17.1068461,33.88990913,28.96621774,17.33366431,32.96593682,28.64880664,17.44660307,29.11970864,28.16092713,17.05442158,29.14243465,27.03603759,12.74180124,32.20429299,27.79442586,12.32132487,32.28720749,28.03612325,12.51383947,29.427135,28.43299539,12.65790537,32.34791144,28.07444725,16.74303827,31.09976204,27.26725464,16.69243991,31.2651823,27.25340208,17.79983039,32.84472109,28.52034987,17.97877488,31.17046392,27.02979162,17.21341608,31.84011266,28.07358105,17.27412215,29.65771879,28.96200307,17.29147997,31.45921406,28.94786101,17.25288347,31.30538192,28.95817446,17.1672729,17.0068644,29.49684652,28.42550519,40.08120039,16.98778365,40.57676685,15.29319819,40.37437178,19.33631625,40.54944822,19.71329839,39.37195837,19.67340198,40.60357522,19.70927719,40.49006823,19.29153298,40.3232329,19.24138529,35.33453655,17.39458224,35.33679443,18.82011278,35.44117683,19.51733021,35.21857859,19.86700532,36.26406823,18.12838693,36.67235747,19.57054905,35.72710099,19.95443458,37.41110945,18.50971404,37.80525807,42.15981518,42.50897725,15.05117739,1
AAAAAA,AAAAAAX,F1234,1,7,5,xxxxxx_doe3_3,2026-03-24 04:08:23.740149+00:00,08:22.7,hcp-02,2026/3/24 12:08,15,14,150.7614926,151.402658,153.0920138,153.0731475,154.9863623,154.8903464,154.094423,153.0788903,158.9036569,156.5305546,153.5462392,152.6373818,150.3342471,149.4972311,149.7981745,149.1882692,577.9303865,284.9974081,0.679507255,148.7416707,157.3010848,1.312636257,17.1068461,33.88990913,28.96621774,17.33366431,32.96593682,28.64880664,17.44660307,29.11970864,28.16092713,17.05442158,29.14243465,27.03603759,12.74180124,32.20429299,27.79442586,12.32132487,32.28720749,28.03612325,12.51383947,29.427135,28.43299539,12.65790537,32.34791144,28.07444725,16.74303827,31.09976204,27.26725464,16.69243991,31.2651823,27.25340208,17.79983039,32.84472109,28.52034987,17.97877488,31.17046392,27.02979162,17.21341608,31.84011266,28.07358105,17.27412215,29.65771879,28.96200307,17.29147997,31.45921406,28.94786101,17.25288347,31.30538192,28.95817446,17.1672729,17.0068644,29.49684652,28.42550519,40.08120039,16.98778365,40.57676685,15.29319819,40.37437178,19.33631625,40.54944822,19.71329839,39.37195837,19.67340198,40.60357522,19.70927719,40.49006823,19.29153298,40.3232329,19.24138529,35.33453655,17.39458224,35.33679443,18.82011278,35.44117683,19.51733021,35.21857859,19.86700532,36.26406823,18.12838693,36.67235747,19.57054905,35.72710099,19.95443458,37.41110945,18.50971404,37.80525807,42.15981518,42.50897725,15.05117739,1
AAAAAA,AAAAAAX,F1234,1,7,5,xxxxxx_1_olm_1,2026-03-24 04:08:30.160697+00:00,08:29.2,hcp-02,2026/3/24 12:08,13,13,150.7614926,151.402658,153.0920138,153.0731475,154.9863623,154.8903464,154.094423,153.0788903,158.9036569,156.5305546,153.5462392,152.6373818,150.3342471,149.4972311,149.7981745,149.1882692,577.9303865,284.9974081,0.539647681,147.6420143,156.4979279,1.312636257,17.1068461,33.88990913,28.96621774,17.33366431,32.96593682,28.64880664,17.44660307,29.11970864,28.16092713,17.05442158,29.14243465,27.03603759,12.74180124,32.20429299,27.79442586,12.32132487,32.28720749,28.03612325,12.51383947,29.427135,28.43299539,12.65790537,32.34791144,28.07444725,16.74303827,31.09976204,27.26725464,16.69243991,31.2651823,27.25340208,17.79983039,32.84472109,28.52034987,17.97877488,31.17046392,27.02979162,17.21341608,31.84011266,28.07358105,17.27412215,29.65771879,28.96200307,17.29147997,31.45921406,28.94786101,17.25288347,31.30538192,28.95817446,17.1672729,17.0068644,29.49684652,28.42550519,40.08120039,16.98778365,40.57676685,15.29319819,40.37437178,19.33631625,40.54944822,19.71329839,39.37195837,19.67340198,40.60357522,19.70927719,40.49006823,19.29153298,40.3232329,19.24138529,35.33453655,17.39458224,35.33679443,18.82011278,35.44117683,19.51733021,35.21857859,19.86700532,36.26406823,18.12838693,36.67235747,19.57054905,35.72710099,19.95443458,37.41110945,18.50971404,37.80525807,42.15981518,42.50897725,15.05117739,2
AAAAAA,AAAAAAX,F1234,1,7,5,xxxxxx_1_olm_2,2026-03-24 04:08:36.484011+00:00,08:35.4,hcp-02,2026/3/24 12:08,14,13,150.7614926,151.402658,153.0920138,153.0731475,154.9863623,154.8903464,154.094423,153.0788903,158.9036569,156.5305546,153.5462392,152.6373818,150.3342471,149.4972311,149.7981745,149.1882692,577.9303865,284.9974081,0.938783282,147.4870893,156.4248857,1.312636257,17.1068461,33.88990913,28.96621774,17.33366431,32.96593682,28.64880664,17.44660307,29.11970864,28.16092713,17.05442158,29.14243465,27.03603759,12.74180124,32.20429299,27.79442586,12.32132487,32.28720749,28.03612325,12.51383947,29.427135,28.43299539,12.65790537,32.34791144,28.07444725,16.74303827,31.09976204,27.26725464,16.69243991,31.2651823,27.25340208,17.79983039,32.84472109,28.52034987,17.97877488,31.17046392,27.02979162,17.21341608,31.84011266,28.07358105,17.27412215,29.65771879,28.96200307,17.29147997,31.45921406,28.94786101,17.25288347,31.30538192,28.95817446,17.1672729,17.0068644,29.49684652,28.42550519,40.08120039,16.98778365,40.57676685,15.29319819,40.37437178,19.33631625,40.54944822,19.71329839,39.37195837,19.67340198,40.60357522,19.70927719,40.49006823,19.29153298,40.3232329,19.24138529,35.33453655,17.39458224,35.33679443,18.82011278,35.44117683,19.51733021,35.21857859,19.86700532,36.26406823,18.12838693,36.67235747,19.57054905,35.72710099,19.95443458,37.41110945,18.50971404,37.80525807,42.15981518,42.50897725,15.05117739,2
AAAAAA,AAAAAAX,F1234,1,7,5,xxxxxx_1_olm_3,2026-03-24 04:08:42.236754+00:00,08:41.2,hcp-02,2026/3/24 12:08,15,13,150.7614926,151.402658,153.0920138,153.0731475,154.9863623,154.8903464,154.094423,153.0788903,158.9036569,156.5305546,153.5462392,152.6373818,150.3342471,149.4972311,149.7981745,149.1882692,577.9303865,284.9974081,0.566274217,146.7269602,155.2505266,1.312636257,17.1068461,33.88990913,28.96621774,17.33366431,32.96593682,28.64880664,17.44660307,29.11970864,28.16092713,17.05442158,29.14243465,27.03603759,12.74180124,32.20429299,27.79442586,12.32132487,32.28720749,28.03612325,12.51383947,29.427135,28.43299539,12.65790537,32.34791144,28.07444725,16.74303827,31.09976204,27.26725464,16.69243991,31.2651823,27.25340208,17.79983039,32.84472109,28.52034987,17.97877488,31.17046392,27.02979162,17.21341608,31.84011266,28.07358105,17.27412215,29.65771879,28.96200307,17.29147997,31.45921406,28.94786101,17.25288347,31.30538192,28.95817446,17.1672729,17.0068644,29.49684652,28.42550519,40.08120039,16.98778365,40.57676685,15.29319819,40.37437178,19.33631625,40.54944822,19.71329839,39.37195837,19.67340198,40.60357522,19.70927719,40.49006823,19.29153298,40.3232329,19.24138529,35.33453655,17.39458224,35.33679443,18.82011278,35.44117683,19.51733021,35.21857859,19.86700532,36.26406823,18.12838693,36.67235747,19.57054905,35.72710099,19.95443458,37.41110945,18.50971404,37.80525807,42.15981518,42.50897725,15.05117739,7
AAAAAA,AAAAAAX,F1234,1,8,5,xxxxxx_doe3_1,2026-03-24 04:08:48.759917+00:00,08:47.6,hcp-02,2026/3/24 12:08,13,16,150.7614926,151.402658,153.0920138,153.0731475,154.9863623,154.8903464,154.094423,153.0788903,158.9036569,156.5305546,153.5462392,152.6373818,150.3342471,149.4972311,149.7981745,149.1882692,577.9303865,284.9974081,0.990923116,149.6832226,158.2236728,1.312636257,17.1068461,33.88990913,28.96621774,17.33366431,32.96593682,28.64880664,17.44660307,29.11970864,28.16092713,17.05442158,29.14243465,27.03603759,12.74180124,32.20429299,27.79442586,12.32132487,32.28720749,28.03612325,12.51383947,29.427135,28.43299539,12.65790537,32.34791144,28.07444725,16.74303827,31.09976204,27.26725464,16.69243991,31.2651823,27.25340208,17.79983039,32.84472109,28.52034987,17.97877488,31.17046392,27.02979162,17.21341608,31.84011266,28.07358105,17.27412215,29.65771879,28.96200307,17.29147997,31.45921406,28.94786101,17.25288347,31.30538192,28.95817446,17.1672729,17.0068644,29.49684652,28.42550519,40.08120039,16.98778365,40.57676685,15.29319819,40.37437178,19.33631625,40.54944822,19.71329839,39.37195837,19.67340198,40.60357522,19.70927719,40.49006823,19.29153298,40.3232329,19.24138529,35.33453655,17.39458224,35.33679443,18.82011278,35.44117683,19.51733021,35.21857859,19.86700532,36.26406823,18.12838693,36.67235747,19.57054905,35.72710099,19.95443458,37.41110945,18.50971404,37.80525807,42.15981518,42.50897725,15.05117739,6
AAAAAA,AAAAAAX,F1234,1,8,5,xxxxxx_doe3_2,2026-03-24 04:08:54.650859+00:00,08:53.6,hcp-02,2026/3/24 12:08,14,16,150.7614926,151.402658,153.0920138,153.0731475,154.9863623,154.8903464,154.094423,153.0788903,158.9036569,156.5305546,153.5462392,152.6373818,150.3342471,149.4972311,149.7981745,149.1882692,577.9303865,284.9974081,0.979966435,149.3387795,159.9593543,1.312636257,17.1068461,33.88990913,28.96621774,17.33366431,32.96593682,28.64880664,17.44660307,29.11970864,28.16092713,17.05442158,29.14243465,27.03603759,12.74180124,32.20429299,27.79442586,12.32132487,32.28720749,28.03612325,12.51383947,29.427135,28.43299539,12.65790537,32.34791144,28.07444725,16.74303827,31.09976204,27.26725464,16.69243991,31.2651823,27.25340208,17.79983039,32.84472109,28.52034987,17.97877488,31.17046392,27.02979162,17.21341608,31.84011266,28.07358105,17.27412215,29.65771879,28.96200307,17.29147997,31.45921406,28.94786101,17.25288347,31.30538192,28.95817446,17.1672729,17.0068644,29.49684652,28.42550519,40.08120039,16.98778365,40.57676685,15.29319819,40.37437178,19.33631625,40.54944822,19.71329839,39.37195837,19.67340198,40.60357522,19.70927719,40.49006823,19.29153298,40.3232329,19.24138529,35.33453655,17.39458224,35.33679443,18.82011278,35.44117683,19.51733021,35.21857859,19.86700532,36.26406823,18.12838693,36.67235747,19.57054905,35.72710099,19.95443458,37.41110945,18.50971404,37.80525807,42.15981518,42.50897725,15.05117739,1
AAAAAA,AAAAAAX,F1234,1,8,5,xxxxxx_1_olm_1,2026-03-24 04:09:00.168426+00:00,08:59.1,hcp-02,2026/3/24 12:09,13,15,150.7614926,151.402658,153.0920138,153.0731475,154.9863623,154.8903464,154.094423,153.0788903,158.9036569,156.5305546,153.5462392,152.6373818,150.3342471,149.4972311,149.7981745,149.1882692,577.9303865,284.9974081,0.213683418,148.8544265,158.6847197,1.312636257,17.1068461,33.88990913,28.96621774,17.33366431,32.96593682,28.64880664,17.44660307,29.11970864,28.16092713,17.05442158,29.14243465,27.03603759,12.74180124,32.20429299,27.79442586,12.32132487,32.28720749,28.03612325,12.51383947,29.427135,28.43299539,12.65790537,32.34791144,28.07444725,16.74303827,31.09976204,27.26725464,16.69243991,31.2651823,27.25340208,17.79983039,32.84472109,28.52034987,17.97877488,31.17046392,27.02979162,17.21341608,31.84011266,28.07358105,17.27412215,29.65771879,28.96200307,17.29147997,31.45921406,28.94786101,17.25288347,31.30538192,28.95817446,17.1672729,17.0068644,29.49684652,28.42550519,40.08120039,16.98778365,40.57676685,15.29319819,40.37437178,19.33631625,40.54944822,19.71329839,39.37195837,19.67340198,40.60357522,19.70927719,40.49006823,19.29153298,40.3232329,19.24138529,35.33453655,17.39458224,35.33679443,18.82011278,35.44117683,19.51733021,35.21857859,19.86700532,36.26406823,18.12838693,36.67235747,19.57054905,35.72710099,19.95443458,37.41110945,18.50971404,37.80525807,42.15981518,42.50897725,15.05117739,2
AAAAAA,AAAAAAX,F1234,1,8,5,xxxxxx_1_olm_2,2026-03-24 04:09:06.220423+00:00,09:05.1,hcp-02,2026/3/24 12:09,14,15,150.7614926,151.402658,153.0920138,153.0731475,154.9863623,154.8903464,154.094423,153.0788903,158.9036569,156.5305546,153.5462392,152.6373818,150.3342471,149.4972311,149.7981745,149.1882692,577.9303865,284.9974081,0.150285528,148.9201186,158.5792037,1.312636257,17.1068461,33.88990913,28.96621774,17.33366431,32.96593682,28.64880664,17.44660307,29.11970864,28.16092713,17.05442158,29.14243465,27.03603759,12.74180124,32.20429299,27.79442586,12.32132487,32.28720749,28.03612325,12.51383947,29.427135,28.43299539,12.65790537,32.34791144,28.07444725,16.74303827,31.09976204,27.26725464,16.69243991,31.2651823,27.25340208,17.79983039,32.84472109,28.52034987,17.97877488,31.17046392,27.02979162,17.21341608,31.84011266,28.07358105,17.27412215,29.65771879,28.96200307,17.29147997,31.45921406,28.94786101,17.25288347,31.30538192,28.95817446,17.1672729,17.0068644,29.49684652,28.42550519,40.08120039,16.98778365,40.57676685,15.29319819,40.37437178,19.33631625,40.54944822,19.71329839,39.37195837,19.67340198,40.60357522,19.70927719,40.49006823,19.29153298,40.3232329,19.24138529,35.33453655,17.39458224,35.33679443,18.82011278,35.44117683,19.51733021,35.21857859,19.86700532,36.26406823,18.12838693,36.67235747,19.57054905,35.72710099,19.95443458,37.41110945,18.50971404,37.80525807,42.15981518,42.50897725,15.05117739,1
AAAAAA,AAAAAAX,F1234,1,8,5,xxxxxx_1_olm_3,2026-03-24 04:09:13.188588+00:00,09:12.0,hcp-02,2026/3/24 12:09,15,15,150.7614926,151.402658,153.0920138,153.0731475,154.9863623,154.8903464,154.094423,153.0788903,158.9036569,156.5305546,153.5462392,152.6373818,150.3342471,149.4972311,149.7981745,149.1882692,577.9303865,284.9974081,0.714568593,148.6776228,157.4969647,1.312636257,17.1068461,33.88990913,28.96621774,17.33366431,32.96593682,28.64880664,17.44660307,29.11970864,28.16092713,17.05442158,29.14243465,27.03603759,12.74180124,32.20429299,27.79442586,12.32132487,32.28720749,28.03612325,12.51383947,29.427135,28.43299539,12.65790537,32.34791144,28.07444725,16.74303827,31.09976204,27.26725464,16.69243991,31.2651823,27.25340208,17.79983039,32.84472109,28.52034987,17.97877488,31.17046392,27.02979162,17.21341608,31.84011266,28.07358105,17.27412215,29.65771879,28.96200307,17.29147997,31.45921406,28.94786101,17.25288347,31.30538192,28.95817446,17.1672729,17.0068644,29.49684652,28.42550519,40.08120039,16.98778365,40.57676685,15.29319819,40.37437178,19.33631625,40.54944822,19.71329839,39.37195837,19.67340198,40.60357522,19.70927719,40.49006823,19.29153298,40.3232329,19.24138529,35.33453655,17.39458224,35.33679443,18.82011278,35.44117683,19.51733021,35.21857859,19.86700532,36.26406823,18.12838693,36.67235747,19.57054905,35.72710099,19.95443458,37.41110945,18.50971404,37.80525807,42.15981518,42.50897725,15.05117739,1
AAAAAA,AAAAAAX,F1234,1,2,6,xxxxxx_doe3_1,2026-03-24 04:09:30.366972+00:00,09:29.3,hcp-02,2026/3/24 12:09,16,4,150.7614926,151.402658,153.0920138,153.0731475,154.9863623,154.8903464,154.094423,153.0788903,158.9036569,156.5305546,153.5462392,152.6373818,150.3342471,149.4972311,149.7981745,149.1882692,577.9303865,284.9974081,0.570611299,146.2955425,156.9896407,1.312636257,17.1068461,33.88990913,28.96621774,17.33366431,32.96593682,28.64880664,17.44660307,29.11970864,28.16092713,17.05442158,29.14243465,27.03603759,12.74180124,32.20429299,27.79442586,12.32132487,32.28720749,28.03612325,12.51383947,29.427135,28.43299539,12.65790537,32.34791144,28.07444725,16.74303827,31.09976204,27.26725464,16.69243991,31.2651823,27.25340208,17.79983039,32.84472109,28.52034987,17.97877488,31.17046392,27.02979162,17.21341608,31.84011266,28.07358105,17.27412215,29.65771879,28.96200307,17.29147997,31.45921406,28.94786101,17.25288347,31.30538192,28.95817446,17.1672729,17.0068644,29.49684652,28.42550519,40.08120039,16.98778365,40.57676685,15.29319819,40.37437178,19.33631625,40.54944822,19.71329839,39.37195837,19.67340198,40.60357522,19.70927719,40.49006823,19.29153298,40.3232329,19.24138529,35.33453655,17.39458224,35.33679443,18.82011278,35.44117683,19.51733021,35.21857859,19.86700532,36.26406823,18.12838693,36.67235747,19.57054905,35.72710099,19.95443458,37.41110945,18.50971404,37.80525807,42.15981518,42.50897725,15.05117739,1
AAAAAA,AAAAAAX,F1234,1,2,6,xxxxxx_doe3_2,2026-03-24 04:09:45.319350+00:00,09:44.3,hcp-02,2026/3/24 12:09,17,4,150.7614926,151.402658,153.0920138,153.0731475,154.9863623,154.8903464,154.094423,153.0788903,158.9036569,156.5305546,153.5462392,152.6373818,150.3342471,149.4972311,149.7981745,149.1882692,577.9303865,284.9974081,0.475127606,146.4433366,156.3594861,1.312636257,17.1068461,33.88990913,28.96621774,17.33366431,32.96593682,28.64880664,17.44660307,29.11970864,28.16092713,17.05442158,29.14243465,27.03603759,12.74180124,32.20429299,27.79442586,12.32132487,32.28720749,28.03612325,12.51383947,29.427135,28.43299539,12.65790537,32.34791144,28.07444725,16.74303827,31.09976204,27.26725464,16.69243991,31.2651823,27.25340208,17.79983039,32.84472109,28.52034987,17.97877488,31.17046392,27.02979162,17.21341608,31.84011266,28.07358105,17.27412215,29.65771879,28.96200307,17.29147997,31.45921406,28.94786101,17.25288347,31.30538192,28.95817446,17.1672729,17.0068644,29.49684652,28.42550519,40.08120039,16.98778365,40.57676685,15.29319819,40.37437178,19.33631625,40.54944822,19.71329839,39.37195837,19.67340198,40.60357522,19.70927719,40.49006823,19.29153298,40.3232329,19.24138529,35.33453655,17.39458224,35.33679443,18.82011278,35.44117683,19.51733021,35.21857859,19.86700532,36.26406823,18.12838693,36.67235747,19.57054905,35.72710099,19.95443458,37.41110945,18.50971404,37.80525807,42.15981518,42.50897725,15.05117739,1
AAAAAA,AAAAAAX,F1234,1,3,6,xxxxxx_doe3_1,2026-03-24 04:10:01.039477+00:00,10:00.0,hcp-02,2026/3/24 12:10,16,6,150.7614926,151.402658,153.0920138,153.0731475,154.9863623,154.8903464,154.094423,153.0788903,158.9036569,156.5305546,153.5462392,152.6373818,150.3342471,149.4972311,149.7981745,149.1882692,577.9303865,284.9974081,0.569367544,146.3917106,156.0702297,1.312636257,17.1068461,33.88990913,28.96621774,17.33366431,32.96593682,28.64880664,17.44660307,29.11970864,28.16092713,17.05442158,29.14243465,27.03603759,12.74180124,32.20429299,27.79442586,12.32132487,32.28720749,28.03612325,12.51383947,29.427135,28.43299539,12.65790537,32.34791144,28.07444725,16.74303827,31.09976204,27.26725464,16.69243991,31.2651823,27.25340208,17.79983039,32.84472109,28.52034987,17.97877488,31.17046392,27.02979162,17.21341608,31.84011266,28.07358105,17.27412215,29.65771879,28.96200307,17.29147997,31.45921406,28.94786101,17.25288347,31.30538192,28.95817446,17.1672729,17.0068644,29.49684652,28.42550519,40.08120039,16.98778365,40.57676685,15.29319819,40.37437178,19.33631625,40.54944822,19.71329839,39.37195837,19.67340198,40.60357522,19.70927719,40.49006823,19.29153298,40.3232329,19.24138529,35.33453655,17.39458224,35.33679443,18.82011278,35.44117683,19.51733021,35.21857859,19.86700532,36.26406823,18.12838693,36.67235747,19.57054905,35.72710099,19.95443458,37.41110945,18.50971404,37.80525807,42.15981518,42.50897725,15.05117739,2
AAAAAA,AAAAAAX,F1234,1,3,6,xxxxxx_doe3_2,2026-03-24 04:10:06.727224+00:00,10:05.6,hcp-02,2026/3/24 12:10,17,6,150.7614926,151.402658,153.0920138,153.0731475,154.9863623,154.8903464,154.094423,153.0788903,158.9036569,156.5305546,153.5462392,152.6373818,150.3342471,149.4972311,149.7981745,149.1882692,577.9303865,284.9974081,0.847085803,146.9015303,155.0703807,1.312636257,17.1068461,33.88990913,28.96621774,17.33366431,32.96593682,28.64880664,17.44660307,29.11970864,28.16092713,17.05442158,29.14243465,27.03603759,12.74180124,32.20429299,27.79442586,12.32132487,32.28720749,28.03612325,12.51383947,29.427135,28.43299539,12.65790537,32.34791144,28.07444725,16.74303827,31.09976204,27.26725464,16.69243991,31.2651823,27.25340208,17.79983039,32.84472109,28.52034987,17.97877488,31.17046392,27.02979162,17.21341608,31.84011266,28.07358105,17.27412215,29.65771879,28.96200307,17.29147997,31.45921406,28.94786101,17.25288347,31.30538192,28.95817446,17.1672729,17.0068644,29.49684652,28.42550519,40.08120039,16.98778365,40.57676685,15.29319819,40.37437178,19.33631625,40.54944822,19.71329839,39.37195837,19.67340198,40.60357522,19.70927719,40.49006823,19.29153298,40.3232329,19.24138529,35.33453655,17.39458224,35.33679443,18.82011278,35.44117683,19.51733021,35.21857859,19.86700532,36.26406823,18.12838693,36.67235747,19.57054905,35.72710099,19.95443458,37.41110945,18.50971404,37.80525807,42.15981518,42.50897725,15.05117739,2
AAAAAA,AAAAAAX,F1234,1,3,6,xxxxxx_doe3_3,2026-03-24 04:10:13.488151+00:00,10:12.4,hcp-02,2026/3/24 12:10,18,6,150.7614926,151.402658,153.0920138,153.0731475,154.9863623,154.8903464,154.094423,153.0788903,158.9036569,156.5305546,153.5462392,152.6373818,150.3342471,149.4972311,149.7981745,149.1882692,577.9303865,284.9974081,0.429303639,146.2444689,155.6027605,1.312636257,17.1068461,33.88990913,28.96621774,17.33366431,32.96593682,28.64880664,17.44660307,29.11970864,28.16092713,17.05442158,29.14243465,27.03603759,12.74180124,32.20429299,27.79442586,12.32132487,32.28720749,28.03612325,12.51383947,29.427135,28.43299539,12.65790537,32.34791144,28.07444725,16.74303827,31.09976204,27.26725464,16.69243991,31.2651823,27.25340208,17.79983039,32.84472109,28.52034987,17.97877488,31.17046392,27.02979162,17.21341608,31.84011266,28.07358105,17.27412215,29.65771879,28.96200307,17.29147997,31.45921406,28.94786101,17.25288347,31.30538192,28.95817446,17.1672729,17.0068644,29.49684652,28.42550519,40.08120039,16.98778365,40.57676685,15.29319819,40.37437178,19.33631625,40.54944822,19.71329839,39.37195837,19.67340198,40.60357522,19.70927719,40.49006823,19.29153298,40.3232329,19.24138529,35.33453655,17.39458224,35.33679443,18.82011278,35.44117683,19.51733021,35.21857859,19.86700532,36.26406823,18.12838693,36.67235747,19.57054905,35.72710099,19.95443458,37.41110945,18.50971404,37.80525807,42.15981518,42.50897725,15.05117739,2
AAAAAA,AAAAAAX,F1234,1,3,6,xxxxxx_1_olm_1,2026-03-24 04:10:19.861863+00:00,10:18.8,hcp-02,2026/3/24 12:10,16,5,150.7614926,151.402658,153.0920138,153.0731475,154.9863623,154.8903464,154.094423,153.0788903,158.9036569,156.5305546,153.5462392,152.6373818,150.3342471,149.4972311,149.7981745,149.1882692,577.9303865,284.9974081,0.734524204,146.6354922,156.1135687,1.312636257,17.1068461,33.88990913,28.96621774,17.33366431,32.96593682,28.64880664,17.44660307,29.11970864,28.16092713,17.05442158,29.14243465,27.03603759,12.74180124,32.20429299,27.79442586,12.32132487,32.28720749,28.03612325,12.51383947,29.427135,28.43299539,12.65790537,32.34791144,28.07444725,16.74303827,31.09976204,27.26725464,16.69243991,31.2651823,27.25340208,17.79983039,32.84472109,28.52034987,17.97877488,31.17046392,27.02979162,17.21341608,31.84011266,28.07358105,17.27412215,29.65771879,28.96200307,17.29147997,31.45921406,28.94786101,17.25288347,31.30538192,28.95817446,17.1672729,17.0068644,29.49684652,28.42550519,40.08120039,16.98778365,40.57676685,15.29319819,40.37437178,19.33631625,40.54944822,19.71329839,39.37195837,19.67340198,40.60357522,19.70927719,40.49006823,19.29153298,40.3232329,19.24138529,35.33453655,17.39458224,35.33679443,18.82011278,35.44117683,19.51733021,35.21857859,19.86700532,36.26406823,18.12838693,36.67235747,19.57054905,35.72710099,19.95443458,37.41110945,18.50971404,37.80525807,42.15981518,42.50897725,15.05117739,7
AAAAAA,AAAAAAX,F1234,1,3,6,xxxxxx_1_olm_2,2026-03-24 04:10:25.555041+00:00,10:24.6,hcp-02,2026/3/24 12:10,17,5,150.7614926,151.402658,153.0920138,153.0731475,154.9863623,154.8903464,154.094423,153.0788903,158.9036569,156.5305546,153.5462392,152.6373818,150.3342471,149.4972311,149.7981745,149.1882692,577.9303865,284.9974081,0.394153451,146.949683,155.7307363,1.312636257,17.1068461,33.88990913,28.96621774,17.33366431,32.96593682,28.64880664,17.44660307,29.11970864,28.16092713,17.05442158,29.14243465,27.03603759,12.74180124,32.20429299,27.79442586,12.32132487,32.28720749,28.03612325,12.51383947,29.427135,28.43299539,12.65790537,32.34791144,28.07444725,16.74303827,31.09976204,27.26725464,16.69243991,31.2651823,27.25340208,17.79983039,32.84472109,28.52034987,17.97877488,31.17046392,27.02979162,17.21341608,31.84011266,28.07358105,17.27412215,29.65771879,28.96200307,17.29147997,31.45921406,28.94786101,17.25288347,31.30538192,28.95817446,17.1672729,17.0068644,29.49684652,28.42550519,40.08120039,16.98778365,40.57676685,15.29319819,40.37437178,19.33631625,40.54944822,19.71329839,39.37195837,19.67340198,40.60357522,19.70927719,40.49006823,19.29153298,40.3232329,19.24138529,35.33453655,17.39458224,35.33679443,18.82011278,35.44117683,19.51733021,35.21857859,19.86700532,36.26406823,18.12838693,36.67235747,19.57054905,35.72710099,19.95443458,37.41110945,18.50971404,37.80525807,42.15981518,42.50897725,15.05117739,1
AAAAAA,AAAAAAX,F1234,1,3,6,xxxxxx_1_olm_3,2026-03-24 04:10:31.126486+00:00,10:30.1,hcp-02,2026/3/24 12:10,18,5,150.7614926,151.402658,153.0920138,153.0731475,154.9863623,154.8903464,154.094423,153.0788903,158.9036569,156.5305546,153.5462392,152.6373818,150.3342471,149.4972311,149.7981745,149.1882692,577.9303865,284.9974081,0.412100316,145.4138774,154.3846363,1.312636257,17.1068461,33.88990913,28.96621774,17.33366431,32.96593682,28.64880664,17.44660307,29.11970864,28.16092713,17.05442158,29.14243465,27.03603759,12.74180124,32.20429299,27.79442586,12.32132487,32.28720749,28.03612325,12.51383947,29.427135,28.43299539,12.65790537,32.34791144,28.07444725,16.74303827,31.09976204,27.26725464,16.69243991,31.2651823,27.25340208,17.79983039,32.84472109,28.52034987,17.97877488,31.17046392,27.02979162,17.21341608,31.84011266,28.07358105,17.27412215,29.65771879,28.96200307,17.29147997,31.45921406,28.94786101,17.25288347,31.30538192,28.95817446,17.1672729,17.0068644,29.49684652,28.42550519,40.08120039,16.98778365,40.57676685,15.29319819,40.37437178,19.33631625,40.54944822,19.71329839,39.37195837,19.67340198,40.60357522,19.70927719,40.49006823,19.29153298,40.3232329,19.24138529,35.33453655,17.39458224,35.33679443,18.82011278,35.44117683,19.51733021,35.21857859,19.86700532,36.26406823,18.12838693,36.67235747,19.57054905,35.72710099,19.95443458,37.41110945,18.50971404,37.80525807,42.15981518,42.50897725,15.05117739,2
AAAAAA,AAAAAAX,F1234,1,4,6,xxxxxx_doe3_1,2026-03-24 04:10:46.722329+00:00,10:45.7,hcp-02,2026/3/24 12:10,16,8,150.7614926,151.402658,153.0920138,153.0731475,154.9863623,154.8903464,154.094423,153.0788903,158.9036569,156.5305546,153.5462392,152.6373818,150.3342471,149.4972311,149.7981745,149.1882692,577.9303865,284.9974081,0.443366702,145.1627803,155.6744149,1.312636257,17.1068461,33.88990913,28.96621774,17.33366431,32.96593682,28.64880664,17.44660307,29.11970864,28.16092713,17.05442158,29.14243465,27.03603759,12.74180124,32.20429299,27.79442586,12.32132487,32.28720749,28.03612325,12.51383947,29.427135,28.43299539,12.65790537,32.34791144,28.07444725,16.74303827,31.09976204,27.26725464,16.69243991,31.2651823,27.25340208,17.79983039,32.84472109,28.52034987,17.97877488,31.17046392,27.02979162,17.21341608,31.84011266,28.07358105,17.27412215,29.65771879,28.96200307,17.29147997,31.45921406,28.94786101,17.25288347,31.30538192,28.95817446,17.1672729,17.0068644,29.49684652,28.42550519,40.08120039,16.98778365,40.57676685,15.29319819,40.37437178,19.33631625,40.54944822,19.71329839,39.37195837,19.67340198,40.60357522,19.70927719,40.49006823,19.29153298,40.3232329,19.24138529,35.33453655,17.39458224,35.33679443,18.82011278,35.44117683,19.51733021,35.21857859,19.86700532,36.26406823,18.12838693,36.67235747,19.57054905,35.72710099,19.95443458,37.41110945,18.50971404,37.80525807,42.15981518,42.50897725,15.05117739,3
AAAAAA,AAAAAAX,F1234,1,4,6,xxxxxx_doe3_2,2026-03-24 04:10:52.589387+00:00,10:51.6,hcp-02,2026/3/24 12:10,17,8,150.7614926,151.402658,153.0920138,153.0731475,154.9863623,154.8903464,154.094423,153.0788903,158.9036569,156.5305546,153.5462392,152.6373818,150.3342471,149.4972311,149.7981745,149.1882692,577.9303865,284.9974081,0.054726861,145.8277672,154.2109549,1.312636257,17.1068461,33.88990913,28.96621774,17.33366431,32.96593682,28.64880664,17.44660307,29.11970864,28.16092713,17.05442158,29.14243465,27.03603759,12.74180124,32.20429299,27.79442586,12.32132487,32.28720749,28.03612325,12.51383947,29.427135,28.43299539,12.65790537,32.34791144,28.07444725,16.74303827,31.09976204,27.26725464,16.69243991,31.2651823,27.25340208,17.79983039,32.84472109,28.52034987,17.97877488,31.17046392,27.02979162,17.21341608,31.84011266,28.07358105,17.27412215,29.65771879,28.96200307,17.29147997,31.45921406,28.94786101,17.25288347,31.30538192,28.95817446,17.1672729,17.0068644,29.49684652,28.42550519,40.08120039,16.98778365,40.57676685,15.29319819,40.37437178,19.33631625,40.54944822,19.71329839,39.37195837,19.67340198,40.60357522,19.70927719,40.49006823,19.29153298,40.3232329,19.24138529,35.33453655,17.39458224,35.33679443,18.82011278,35.44117683,19.51733021,35.21857859,19.86700532,36.26406823,18.12838693,36.67235747,19.57054905,35.72710099,19.95443458,37.41110945,18.50971404,37.80525807,42.15981518,42.50897725,15.05117739,2
AAAAAA,AAAAAAX,F1234,1,4,6,xxxxxx_doe3_3,2026-03-24 04:10:58.727509+00:00,10:57.6,hcp-02,2026/3/24 12:10,18,8,150.7614926,151.402658,153.0920138,153.0731475,154.9863623,154.8903464,154.094423,153.0788903,158.9036569,156.5305546,153.5462392,152.6373818,150.3342471,149.4972311,149.7981745,149.1882692,577.9303865,284.9974081,0.754336162,145.800785,153.3000591,1.312636257,17.1068461,33.88990913,28.96621774,17.33366431,32.96593682,28.64880664,17.44660307,29.11970864,28.16092713,17.05442158,29.14243465,27.03603759,12.74180124,32.20429299,27.79442586,12.32132487,32.28720749,28.03612325,12.51383947,29.427135,28.43299539,12.65790537,32.34791144,28.07444725,16.74303827,31.09976204,27.26725464,16.69243991,31.2651823,27.25340208,17.79983039,32.84472109,28.52034987,17.97877488,31.17046392,27.02979162,17.21341608,31.84011266,28.07358105,17.27412215,29.65771879,28.96200307,17.29147997,31.45921406,28.94786101,17.25288347,31.30538192,28.95817446,17.1672729,17.0068644,29.49684652,28.42550519,40.08120039,16.98778365,40.57676685,15.29319819,40.37437178,19.33631625,40.54944822,19.71329839,39.37195837,19.67340198,40.60357522,19.70927719,40.49006823,19.29153298,40.3232329,19.24138529,35.33453655,17.39458224,35.33679443,18.82011278,35.44117683,19.51733021,35.21857859,19.86700532,36.26406823,18.12838693,36.67235747,19.57054905,35.72710099,19.95443458,37.41110945,18.50971404,37.80525807,42.15981518,42.50897725,15.05117739,2
AAAAAA,AAAAAAX,F1234,1,4,6,xxxxxx_1_olm_1,2026-03-24 04:11:06.813342+00:00,11:05.8,hcp-02,2026/3/24 12:11,16,7,150.7614926,151.402658,153.0920138,153.0731475,154.9863623,154.8903464,154.094423,153.0788903,158.9036569,156.5305546,153.5462392,152.6373818,150.3342471,149.4972311,149.7981745,149.1882692,577.9303865,284.9974081,0.800192401,145.0886028,155.3854066,1.312636257,17.1068461,33.88990913,28.96621774,17.33366431,32.96593682,28.64880664,17.44660307,29.11970864,28.16092713,17.05442158,29.14243465,27.03603759,12.74180124,32.20429299,27.79442586,12.32132487,32.28720749,28.03612325,12.51383947,29.427135,28.43299539,12.65790537,32.34791144,28.07444725,16.74303827,31.09976204,27.26725464,16.69243991,31.2651823,27.25340208,17.79983039,32.84472109,28.52034987,17.97877488,31.17046392,27.02979162,17.21341608,31.84011266,28.07358105,17.27412215,29.65771879,28.96200307,17.29147997,31.45921406,28.94786101,17.25288347,31.30538192,28.95817446,17.1672729,17.0068644,29.49684652,28.42550519,40.08120039,16.98778365,40.57676685,15.29319819,40.37437178,19.33631625,40.54944822,19.71329839,39.37195837,19.67340198,40.60357522,19.70927719,40.49006823,19.29153298,40.3232329,19.24138529,35.33453655,17.39458224,35.33679443,18.82011278,35.44117683,19.51733021,35.21857859,19.86700532,36.26406823,18.12838693,36.67235747,19.57054905,35.72710099,19.95443458,37.41110945,18.50971404,37.80525807,42.15981518,42.50897725,15.05117739,2
AAAAAA,AAAAAAX,F1234,1,4,6,xxxxxx_1_olm_2,2026-03-24 04:11:12.294482+00:00,11:11.2,hcp-02,2026/3/24 12:11,17,7,150.7614926,151.402658,153.0920138,153.0731475,154.9863623,154.8903464,154.094423,153.0788903,158.9036569,156.5305546,153.5462392,152.6373818,150.3342471,149.4972311,149.7981745,149.1882692,577.9303865,284.9974081,0.855364206,145.8324319,154.2435654,1.312636257,17.1068461,33.88990913,28.96621774,17.33366431,32.96593682,28.64880664,17.44660307,29.11970864,28.16092713,17.05442158,29.14243465,27.03603759,12.74180124,32.20429299,27.79442586,12.32132487,32.28720749,28.03612325,12.51383947,29.427135,28.43299539,12.65790537,32.34791144,28.07444725,16.74303827,31.09976204,27.26725464,16.69243991,31.2651823,27.25340208,17.79983039,32.84472109,28.52034987,17.97877488,31.17046392,27.02979162,17.21341608,31.84011266,28.07358105,17.27412215,29.65771879,28.96200307,17.29147997,31.45921406,28.94786101,17.25288347,31.30538192,28.95817446,17.1672729,17.0068644,29.49684652,28.42550519,40.08120039,16.98778365,40.57676685,15.29319819,40.37437178,19.33631625,40.54944822,19.71329839,39.37195837,19.67340198,40.60357522,19.70927719,40.49006823,19.29153298,40.3232329,19.24138529,35.33453655,17.39458224,35.33679443,18.82011278,35.44117683,19.51733021,35.21857859,19.86700532,36.26406823,18.12838693,36.67235747,19.57054905,35.72710099,19.95443458,37.41110945,18.50971404,37.80525807,42.15981518,42.50897725,15.05117739,2
AAAAAA,AAAAAAX,F1234,1,4,6,xxxxxx_1_olm_3,2026-03-24 04:11:19.521198+00:00,11:18.5,hcp-02,2026/3/24 12:11,18,7,150.7614926,151.402658,153.0920138,153.0731475,154.9863623,154.8903464,154.094423,153.0788903,158.9036569,156.5305546,153.5462392,152.6373818,150.3342471,149.4972311,149.7981745,149.1882692,577.9303865,284.9974081,0.264380987,144.5341781,153.786043,1.312636257,17.1068461,33.88990913,28.96621774,17.33366431,32.96593682,28.64880664,17.44660307,29.11970864,28.16092713,17.05442158,29.14243465,27.03603759,12.74180124,32.20429299,27.79442586,12.32132487,32.28720749,28.03612325,12.51383947,29.427135,28.43299539,12.65790537,32.34791144,28.07444725,16.74303827,31.09976204,27.26725464,16.69243991,31.2651823,27.25340208,17.79983039,32.84472109,28.52034987,17.97877488,31.17046392,27.02979162,17.21341608,31.84011266,28.07358105,17.27412215,29.65771879,28.96200307,17.29147997,31.45921406,28.94786101,17.25288347,31.30538192,28.95817446,17.1672729,17.0068644,29.49684652,28.42550519,40.08120039,16.98778365,40.57676685,15.29319819,40.37437178,19.33631625,40.54944822,19.71329839,39.37195837,19.67340198,40.60357522,19.70927719,40.49006823,19.29153298,40.3232329,19.24138529,35.33453655,17.39458224,35.33679443,18.82011278,35.44117683,19.51733021,35.21857859,19.86700532,36.26406823,18.12838693,36.67235747,19.57054905,35.72710099,19.95443458,37.41110945,18.50971404,37.80525807,42.15981518,42.50897725,15.05117739,7
AAAAAA,AAAAAAX,F1234,1,5,6,xxxxxx_doe3_1,2026-03-24 04:11:36.064579+00:00,11:35.0,hcp-02,2026/3/24 12:11,16,10,150.7614926,151.402658,153.0920138,153.0731475,154.9863623,154.8903464,154.094423,153.0788903,158.9036569,156.5305546,153.5462392,152.6373818,150.3342471,149.4972311,149.7981745,149.1882692,577.9303865,284.9974081,0.505501217,145.3724085,155.9662352,1.312636257,17.1068461,33.88990913,28.96621774,17.33366431,32.96593682,28.64880664,17.44660307,29.11970864,28.16092713,17.05442158,29.14243465,27.03603759,12.74180124,32.20429299,27.79442586,12.32132487,32.28720749,28.03612325,12.51383947,29.427135,28.43299539,12.65790537,32.34791144,28.07444725,16.74303827,31.09976204,27.26725464,16.69243991,31.2651823,27.25340208,17.79983039,32.84472109,28.52034987,17.97877488,31.17046392,27.02979162,17.21341608,31.84011266,28.07358105,17.27412215,29.65771879,28.96200307,17.29147997,31.45921406,28.94786101,17.25288347,31.30538192,28.95817446,17.1672729,17.0068644,29.49684652,28.42550519,40.08120039,16.98778365,40.57676685,15.29319819,40.37437178,19.33631625,40.54944822,19.71329839,39.37195837,19.67340198,40.60357522,19.70927719,40.49006823,19.29153298,40.3232329,19.24138529,35.33453655,17.39458224,35.33679443,18.82011278,35.44117683,19.51733021,35.21857859,19.86700532,36.26406823,18.12838693,36.67235747,19.57054905,35.72710099,19.95443458,37.41110945,18.50971404,37.80525807,42.15981518,42.50897725,15.05117739,1
AAAAAA,AAAAAAX,F1234,1,5,6,xxxxxx_doe3_2,2026-03-24 04:11:42.082299+00:00,11:41.0,hcp-02,2026/3/24 12:11,17,10,150.7614926,151.402658,153.0920138,153.0731475,154.9863623,154.8903464,154.094423,153.0788903,158.9036569,156.5305546,153.5462392,152.6373818,150.3342471,149.4972311,149.7981745,149.1882692,577.9303865,284.9974081,0.032458415,145.3428933,155.7491501,1.312636257,17.1068461,33.88990913,28.96621774,17.33366431,32.96593682,28.64880664,17.44660307,29.11970864,28.16092713,17.05442158,29.14243465,27.03603759,12.74180124,32.20429299,27.79442586,12.32132487,32.28720749,28.03612325,12.51383947,29.427135,28.43299539,12.65790537,32.34791144,28.07444725,16.74303827,31.09976204,27.26725464,16.69243991,31.2651823,27.25340208,17.79983039,32.84472109,28.52034987,17.97877488,31.17046392,27.02979162,17.21341608,31.84011266,28.07358105,17.27412215,29.65771879,28.96200307,17.29147997,31.45921406,28.94786101,17.25288347,31.30538192,28.95817446,17.1672729,17.0068644,29.49684652,28.42550519,40.08120039,16.98778365,40.57676685,15.29319819,40.37437178,19.33631625,40.54944822,19.71329839,39.37195837,19.67340198,40.60357522,19.70927719,40.49006823,19.29153298,40.3232329,19.24138529,35.33453655,17.39458224,35.33679443,18.82011278,35.44117683,19.51733021,35.21857859,19.86700532,36.26406823,18.12838693,36.67235747,19.57054905,35.72710099,19.95443458,37.41110945,18.50971404,37.80525807,42.15981518,42.50897725,15.05117739,2
AAAAAA,AAAAAAX,F1234,1,5,6,xxxxxx_doe3_3,2026-03-24 04:11:48.565461+00:00,11:47.6,hcp-02,2026/3/24 12:11,18,10,150.7614926,151.402658,153.0920138,153.0731475,154.9863623,154.8903464,154.094423,153.0788903,158.9036569,156.5305546,153.5462392,152.6373818,150.3342471,149.4972311,149.7981745,149.1882692,577.9303865,284.9974081,0.180911538,145.0706665,154.5635449,1.312636257,17.1068461,33.88990913,28.96621774,17.33366431,32.96593682,28.64880664,17.44660307,29.11970864,28.16092713,17.05442158,29.14243465,27.03603759,12.74180124,32.20429299,27.79442586,12.32132487,32.28720749,28.03612325,12.51383947,29.427135,28.43299539,12.65790537,32.34791144,28.07444725,16.74303827,31.09976204,27.26725464,16.69243991,31.2651823,27.25340208,17.79983039,32.84472109,28.52034987,17.97877488,31.17046392,27.02979162,17.21341608,31.84011266,28.07358105,17.27412215,29.65771879,28.96200307,17.29147997,31.45921406,28.94786101,17.25288347,31.30538192,28.95817446,17.1672729,17.0068644,29.49684652,28.42550519,40.08120039,16.98778365,40.57676685,15.29319819,40.37437178,19.33631625,40.54944822,19.71329839,39.37195837,19.67340198,40.60357522,19.70927719,40.49006823,19.29153298,40.3232329,19.24138529,35.33453655,17.39458224,35.33679443,18.82011278,35.44117683,19.51733021,35.21857859,19.86700532,36.26406823,18.12838693,36.67235747,19.57054905,35.72710099,19.95443458,37.41110945,18.50971404,37.80525807,42.15981518,42.50897725,15.05117739,7
AAAAAA,AAAAAAX,F1234,1,5,6,xxxxxx_1_olm_1,2026-03-24 04:11:54.936325+00:00,11:53.9,hcp-02,2026/3/24 12:11,16,9,150.7614926,151.402658,153.0920138,153.0731475,154.9863623,154.8903464,154.094423,153.0788903,158.9036569,156.5305546,153.5462392,152.6373818,150.3342471,149.4972311,149.7981745,149.1882692,577.9303865,284.9974081,0.487208943,145.5215739,154.4197287,1.312636257,17.1068461,33.88990913,28.96621774,17.33366431,32.96593682,28.64880664,17.44660307,29.11970864,28.16092713,17.05442158,29.14243465,27.03603759,12.74180124,32.20429299,27.79442586,12.32132487,32.28720749,28.03612325,12.51383947,29.427135,28.43299539,12.65790537,32.34791144,28.07444725,16.74303827,31.09976204,27.26725464,16.69243991,31.2651823,27.25340208,17.79983039,32.84472109,28.52034987,17.97877488,31.17046392,27.02979162,17.21341608,31.84011266,28.07358105,17.27412215,29.65771879,28.96200307,17.29147997,31.45921406,28.94786101,17.25288347,31.30538192,28.95817446,17.1672729,17.0068644,29.49684652,28.42550519,40.08120039,16.98778365,40.57676685,15.29319819,40.37437178,19.33631625,40.54944822,19.71329839,39.37195837,19.67340198,40.60357522,19.70927719,40.49006823,19.29153298,40.3232329,19.24138529,35.33453655,17.39458224,35.33679443,18.82011278,35.44117683,19.51733021,35.21857859,19.86700532,36.26406823,18.12838693,36.67235747,19.57054905,35.72710099,19.95443458,37.41110945,18.50971404,37.80525807,42.15981518,42.50897725,15.05117739,2
AAAAAA,AAAAAAX,F1234,1,5,6,xxxxxx_1_olm_2,2026-03-24 04:12:00.832722+00:00,11:59.7,hcp-02,2026/3/24 12:12,17,9,150.7614926,151.402658,153.0920138,153.0731475,154.9863623,154.8903464,154.094423,153.0788903,158.9036569,156.5305546,153.5462392,152.6373818,150.3342471,149.4972311,149.7981745,149.1882692,577.9303865,284.9974081,0.0271114,145.6226889,154.8862921,1.312636257,17.1068461,33.88990913,28.96621774,17.33366431,32.96593682,28.64880664,17.44660307,29.11970864,28.16092713,17.05442158,29.14243465,27.03603759,12.74180124,32.20429299,27.79442586,12.32132487,32.28720749,28.03612325,12.51383947,29.427135,28.43299539,12.65790537,32.34791144,28.07444725,16.74303827,31.09976204,27.26725464,16.69243991,31.2651823,27.25340208,17.79983039,32.84472109,28.52034987,17.97877488,31.17046392,27.02979162,17.21341608,31.84011266,28.07358105,17.27412215,29.65771879,28.96200307,17.29147997,31.45921406,28.94786101,17.25288347,31.30538192,28.95817446,17.1672729,17.0068644,29.49684652,28.42550519,40.08120039,16.98778365,40.57676685,15.29319819,40.37437178,19.33631625,40.54944822,19.71329839,39.37195837,19.67340198,40.60357522,19.70927719,40.49006823,19.29153298,40.3232329,19.24138529,35.33453655,17.39458224,35.33679443,18.82011278,35.44117683,19.51733021,35.21857859,19.86700532,36.26406823,18.12838693,36.67235747,19.57054905,35.72710099,19.95443458,37.41110945,18.50971404,37.80525807,42.15981518,42.50897725,15.05117739,6
AAAAAA,AAAAAAX,F1234,1,5,6,xxxxxx_1_olm_3,2026-03-24 04:12:06.262038+00:00,12:05.2,hcp-02,2026/3/24 12:12,18,9,150.7614926,151.402658,153.0920138,153.0731475,154.9863623,154.8903464,154.094423,153.0788903,158.9036569,156.5305546,153.5462392,152.6373818,150.3342471,149.4972311,149.7981745,149.1882692,577.9303865,284.9974081,0.126835191,144.0183809,153.7275471,1.312636257,17.1068461,33.88990913,28.96621774,17.33366431,32.96593682,28.64880664,17.44660307,29.11970864,28.16092713,17.05442158,29.14243465,27.03603759,12.74180124,32.20429299,27.79442586,12.32132487,32.28720749,28.03612325,12.51383947,29.427135,28.43299539,12.65790537,32.34791144,28.07444725,16.74303827,31.09976204,27.26725464,16.69243991,31.2651823,27.25340208,17.79983039,32.84472109,28.52034987,17.97877488,31.17046392,27.02979162,17.21341608,31.84011266,28.07358105,17.27412215,29.65771879,28.96200307,17.29147997,31.45921406,28.94786101,17.25288347,31.30538192,28.95817446,17.1672729,17.0068644,29.49684652,28.42550519,40.08120039,16.98778365,40.57676685,15.29319819,40.37437178,19.33631625,40.54944822,19.71329839,39.37195837,19.67340198,40.60357522,19.70927719,40.49006823,19.29153298,40.3232329,19.24138529,35.33453655,17.39458224,35.33679443,18.82011278,35.44117683,19.51733021,35.21857859,19.86700532,36.26406823,18.12838693,36.67235747,19.57054905,35.72710099,19.95443458,37.41110945,18.50971404,37.80525807,42.15981518,42.50897725,15.05117739,7
AAAAAA,AAAAAAX,F1234,1,6,6,xxxxxx_doe3_1,2026-03-24 04:12:14.732758+00:00,12:13.7,hcp-02,2026/3/24 12:12,16,12,150.7614926,151.402658,153.0920138,153.0731475,154.9863623,154.8903464,154.094423,153.0788903,158.9036569,156.5305546,153.5462392,152.6373818,150.3342471,149.4972311,149.7981745,149.1882692,577.9303865,284.9974081,0.222467425,145.5926605,155.9083029,1.312636257,17.1068461,33.88990913,28.96621774,17.33366431,32.96593682,28.64880664,17.44660307,29.11970864,28.16092713,17.05442158,29.14243465,27.03603759,12.74180124,32.20429299,27.79442586,12.32132487,32.28720749,28.03612325,12.51383947,29.427135,28.43299539,12.65790537,32.34791144,28.07444725,16.74303827,31.09976204,27.26725464,16.69243991,31.2651823,27.25340208,17.79983039,32.84472109,28.52034987,17.97877488,31.17046392,27.02979162,17.21341608,31.84011266,28.07358105,17.27412215,29.65771879,28.96200307,17.29147997,31.45921406,28.94786101,17.25288347,31.30538192,28.95817446,17.1672729,17.0068644,29.49684652,28.42550519,40.08120039,16.98778365,40.57676685,15.29319819,40.37437178,19.33631625,40.54944822,19.71329839,39.37195837,19.67340198,40.60357522,19.70927719,40.49006823,19.29153298,40.3232329,19.24138529,35.33453655,17.39458224,35.33679443,18.82011278,35.44117683,19.51733021,35.21857859,19.86700532,36.26406823,18.12838693,36.67235747,19.57054905,35.72710099,19.95443458,37.41110945,18.50971404,37.80525807,42.15981518,42.50897725,15.05117739,2
AAAAAA,AAAAAAX,F1234,1,6,6,xxxxxx_doe3_2,2026-03-24 04:12:22.090911+00:00,12:21.0,hcp-02,2026/3/24 12:12,17,12,150.7614926,151.402658,153.0920138,153.0731475,154.9863623,154.8903464,154.094423,153.0788903,158.9036569,156.5305546,153.5462392,152.6373818,150.3342471,149.4972311,149.7981745,149.1882692,577.9303865,284.9974081,0.453715937,145.6531716,155.5571113,1.312636257,17.1068461,33.88990913,28.96621774,17.33366431,32.96593682,28.64880664,17.44660307,29.11970864,28.16092713,17.05442158,29.14243465,27.03603759,12.74180124,32.20429299,27.79442586,12.32132487,32.28720749,28.03612325,12.51383947,29.427135,28.43299539,12.65790537,32.34791144,28.07444725,16.74303827,31.09976204,27.26725464,16.69243991,31.2651823,27.25340208,17.79983039,32.84472109,28.52034987,17.97877488,31.17046392,27.02979162,17.21341608,31.84011266,28.07358105,17.27412215,29.65771879,28.96200307,17.29147997,31.45921406,28.94786101,17.25288347,31.30538192,28.95817446,17.1672729,17.0068644,29.49684652,28.42550519,40.08120039,16.98778365,40.57676685,15.29319819,40.37437178,19.33631625,40.54944822,19.71329839,39.37195837,19.67340198,40.60357522,19.70927719,40.49006823,19.29153298,40.3232329,19.24138529,35.33453655,17.39458224,35.33679443,18.82011278,35.44117683,19.51733021,35.21857859,19.86700532,36.26406823,18.12838693,36.67235747,19.57054905,35.72710099,19.95443458,37.41110945,18.50971404,37.80525807,42.15981518,42.50897725,15.05117739,7
AAAAAA,AAAAAAX,F1234,1,6,6,xxxxxx_doe3_3,2026-03-24 04:12:28.028489+00:00,12:27.0,hcp-02,2026/3/24 12:12,18,12,150.7614926,151.402658,153.0920138,153.0731475,154.9863623,154.8903464,154.094423,153.0788903,158.9036569,156.5305546,153.5462392,152.6373818,150.3342471,149.4972311,149.7981745,149.1882692,577.9303865,284.9974081,0.848693596,146.7163281,154.746097,1.312636257,17.1068461,33.88990913,28.96621774,17.33366431,32.96593682,28.64880664,17.44660307,29.11970864,28.16092713,17.05442158,29.14243465,27.03603759,12.74180124,32.20429299,27.79442586,12.32132487,32.28720749,28.03612325,12.51383947,29.427135,28.43299539,12.65790537,32.34791144,28.07444725,16.74303827,31.09976204,27.26725464,16.69243991,31.2651823,27.25340208,17.79983039,32.84472109,28.52034987,17.97877488,31.17046392,27.02979162,17.21341608,31.84011266,28.07358105,17.27412215,29.65771879,28.96200307,17.29147997,31.45921406,28.94786101,17.25288347,31.30538192,28.95817446,17.1672729,17.0068644,29.49684652,28.42550519,40.08120039,16.98778365,40.57676685,15.29319819,40.37437178,19.33631625,40.54944822,19.71329839,39.37195837,19.67340198,40.60357522,19.70927719,40.49006823,19.29153298,40.3232329,19.24138529,35.33453655,17.39458224,35.33679443,18.82011278,35.44117683,19.51733021,35.21857859,19.86700532,36.26406823,18.12838693,36.67235747,19.57054905,35.72710099,19.95443458,37.41110945,18.50971404,37.80525807,42.15981518,42.50897725,15.05117739,2
AAAAAA,AAAAAAX,F1234,1,6,6,xxxxxx_1_olm_1,2026-03-24 04:12:34.922993+00:00,12:33.9,hcp-02,2026/3/24 12:12,16,11,150.7614926,151.402658,153.0920138,153.0731475,154.9863623,154.8903464,154.094423,153.0788903,158.9036569,156.5305546,153.5462392,152.6373818,150.3342471,149.4972311,149.7981745,149.1882692,577.9303865,284.9974081,0.014327086,145.3514513,155.5336229,1.312636257,17.1068461,33.88990913,28.96621774,17.33366431,32.96593682,28.64880664,17.44660307,29.11970864,28.16092713,17.05442158,29.14243465,27.03603759,12.74180124,32.20429299,27.79442586,12.32132487,32.28720749,28.03612325,12.51383947,29.427135,28.43299539,12.65790537,32.34791144,28.07444725,16.74303827,31.09976204,27.26725464,16.69243991,31.2651823,27.25340208,17.79983039,32.84472109,28.52034987,17.97877488,31.17046392,27.02979162,17.21341608,31.84011266,28.07358105,17.27412215,29.65771879,28.96200307,17.29147997,31.45921406,28.94786101,17.25288347,31.30538192,28.95817446,17.1672729,17.0068644,29.49684652,28.42550519,40.08120039,16.98778365,40.57676685,15.29319819,40.37437178,19.33631625,40.54944822,19.71329839,39.37195837,19.67340198,40.60357522,19.70927719,40.49006823,19.29153298,40.3232329,19.24138529,35.33453655,17.39458224,35.33679443,18.82011278,35.44117683,19.51733021,35.21857859,19.86700532,36.26406823,18.12838693,36.67235747,19.57054905,35.72710099,19.95443458,37.41110945,18.50971404,37.80525807,42.15981518,42.50897725,15.05117739,2
AAAAAA,AAAAAAX,F1234,1,6,6,xxxxxx_1_olm_2,2026-03-24 04:12:41.127778+00:00,12:40.1,hcp-02,2026/3/24 12:12,17,11,150.7614926,151.402658,153.0920138,153.0731475,154.9863623,154.8903464,154.094423,153.0788903,158.9036569,156.5305546,153.5462392,152.6373818,150.3342471,149.4972311,149.7981745,149.1882692,577.9303865,284.9974081,0.135220696,145.1359757,154.9915849,1.312636257,17.1068461,33.88990913,28.96621774,17.33366431,32.96593682,28.64880664,17.44660307,29.11970864,28.16092713,17.05442158,29.14243465,27.03603759,12.74180124,32.20429299,27.79442586,12.32132487,32.28720749,28.03612325,12.51383947,29.427135,28.43299539,12.65790537,32.34791144,28.07444725,16.74303827,31.09976204,27.26725464,16.69243991,31.2651823,27.25340208,17.79983039,32.84472109,28.52034987,17.97877488,31.17046392,27.02979162,17.21341608,31.84011266,28.07358105,17.27412215,29.65771879,28.96200307,17.29147997,31.45921406,28.94786101,17.25288347,31.30538192,28.95817446,17.1672729,17.0068644,29.49684652,28.42550519,40.08120039,16.98778365,40.57676685,15.29319819,40.37437178,19.33631625,40.54944822,19.71329839,39.37195837,19.67340198,40.60357522,19.70927719,40.49006823,19.29153298,40.3232329,19.24138529,35.33453655,17.39458224,35.33679443,18.82011278,35.44117683,19.51733021,35.21857859,19.86700532,36.26406823,18.12838693,36.67235747,19.57054905,35.72710099,19.95443458,37.41110945,18.50971404,37.80525807,42.15981518,42.50897725,15.05117739,7
AAAAAA,AAAAAAX,F1234,1,6,6,xxxxxx_1_olm_3,2026-03-24 04:12:47.081191+00:00,12:46.0,hcp-02,2026/3/24 12:12,18,11,150.7614926,151.402658,153.0920138,153.0731475,154.9863623,154.8903464,154.094423,153.0788903,158.9036569,156.5305546,153.5462392,152.6373818,150.3342471,149.4972311,149.7981745,149.1882692,577.9303865,284.9974081,0.006697988,145.7070827,153.8270253,1.312636257,17.1068461,33.88990913,28.96621774,17.33366431,32.96593682,28.64880664,17.44660307,29.11970864,28.16092713,17.05442158,29.14243465,27.03603759,12.74180124,32.20429299,27.79442586,12.32132487,32.28720749,28.03612325,12.51383947,29.427135,28.43299539,12.65790537,32.34791144,28.07444725,16.74303827,31.09976204,27.26725464,16.69243991,31.2651823,27.25340208,17.79983039,32.84472109,28.52034987,17.97877488,31.17046392,27.02979162,17.21341608,31.84011266,28.07358105,17.27412215,29.65771879,28.96200307,17.29147997,31.45921406,28.94786101,17.25288347,31.30538192,28.95817446,17.1672729,17.0068644,29.49684652,28.42550519,40.08120039,16.98778365,40.57676685,15.29319819,40.37437178,19.33631625,40.54944822,19.71329839,39.37195837,19.67340198,40.60357522,19.70927719,40.49006823,19.29153298,40.3232329,19.24138529,35.33453655,17.39458224,35.33679443,18.82011278,35.44117683,19.51733021,35.21857859,19.86700532,36.26406823,18.12838693,36.67235747,19.57054905,35.72710099,19.95443458,37.41110945,18.50971404,37.80525807,42.15981518,42.50897725,15.05117739,7
AAAAAA,AAAAAAX,F1234,1,7,6,xxxxxx_doe3_1,2026-03-24 04:13:04.148605+00:00,13:03.1,hcp-02,2026/3/24 12:13,16,14,150.7614926,151.402658,153.0920138,153.0731475,154.9863623,154.8903464,154.094423,153.0788903,158.9036569,156.5305546,153.5462392,152.6373818,150.3342471,149.4972311,149.7981745,149.1882692,577.9303865,284.9974081,0.833057305,146.6791102,157.6485938,1.312636257,17.1068461,33.88990913,28.96621774,17.33366431,32.96593682,28.64880664,17.44660307,29.11970864,28.16092713,17.05442158,29.14243465,27.03603759,12.74180124,32.20429299,27.79442586,12.32132487,32.28720749,28.03612325,12.51383947,29.427135,28.43299539,12.65790537,32.34791144,28.07444725,16.74303827,31.09976204,27.26725464,16.69243991,31.2651823,27.25340208,17.79983039,32.84472109,28.52034987,17.97877488,31.17046392,27.02979162,17.21341608,31.84011266,28.07358105,17.27412215,29.65771879,28.96200307,17.29147997,31.45921406,28.94786101,17.25288347,31.30538192,28.95817446,17.1672729,17.0068644,29.49684652,28.42550519,40.08120039,16.98778365,40.57676685,15.29319819,40.37437178,19.33631625,40.54944822,19.71329839,39.37195837,19.67340198,40.60357522,19.70927719,40.49006823,19.29153298,40.3232329,19.24138529,35.33453655,17.39458224,35.33679443,18.82011278,35.44117683,19.51733021,35.21857859,19.86700532,36.26406823,18.12838693,36.67235747,19.57054905,35.72710099,19.95443458,37.41110945,18.50971404,37.80525807,42.15981518,42.50897725,15.05117739,1
AAAAAA,AAAAAAX,F1234,1,7,6,xxxxxx_doe3_2,2026-03-24 04:13:10.135041+00:00,13:09.1,hcp-02,2026/3/24 12:13,17,14,150.7614926,151.402658,153.0920138,153.0731475,154.9863623,154.8903464,154.094423,153.0788903,158.9036569,156.5305546,153.5462392,152.6373818,150.3342471,149.4972311,149.7981745,149.1882692,577.9303865,284.9974081,0.795054486,146.0065955,157.6473198,1.312636257,17.1068461,33.88990913,28.96621774,17.33366431,32.96593682,28.64880664,17.44660307,29.11970864,28.16092713,17.05442158,29.14243465,27.03603759,12.74180124,32.20429299,27.79442586,12.32132487,32.28720749,28.03612325,12.51383947,29.427135,28.43299539,12.65790537,32.34791144,28.07444725,16.74303827,31.09976204,27.26725464,16.69243991,31.2651823,27.25340208,17.79983039,32.84472109,28.52034987,17.97877488,31.17046392,27.02979162,17.21341608,31.84011266,28.07358105,17.27412215,29.65771879,28.96200307,17.29147997,31.45921406,28.94786101,17.25288347,31.30538192,28.95817446,17.1672729,17.0068644,29.49684652,28.42550519,40.08120039,16.98778365,40.57676685,15.29319819,40.37437178,19.33631625,40.54944822,19.71329839,39.37195837,19.67340198,40.60357522,19.70927719,40.49006823,19.29153298,40.3232329,19.24138529,35.33453655,17.39458224,35.33679443,18.82011278,35.44117683,19.51733021,35.21857859,19.86700532,36.26406823,18.12838693,36.67235747,19.57054905,35.72710099,19.95443458,37.41110945,18.50971404,37.80525807,42.15981518,42.50897725,15.05117739,2
AAAAAA,AAAAAAX,F1234,1,7,6,xxxxxx_doe3_3,2026-03-24 04:13:16.664783+00:00,13:15.6,hcp-02,2026/3/24 12:13,18,14,150.7614926,151.402658,153.0920138,153.0731475,154.9863623,154.8903464,154.094423,153.0788903,158.9036569,156.5305546,153.5462392,152.6373818,150.3342471,149.4972311,149.7981745,149.1882692,577.9303865,284.9974081,0.222626429,147.9176373,156.3904208,1.312636257,17.1068461,33.88990913,28.96621774,17.33366431,32.96593682,28.64880664,17.44660307,29.11970864,28.16092713,17.05442158,29.14243465,27.03603759,12.74180124,32.20429299,27.79442586,12.32132487,32.28720749,28.03612325,12.51383947,29.427135,28.43299539,12.65790537,32.34791144,28.07444725,16.74303827,31.09976204,27.26725464,16.69243991,31.2651823,27.25340208,17.79983039,32.84472109,28.52034987,17.97877488,31.17046392,27.02979162,17.21341608,31.84011266,28.07358105,17.27412215,29.65771879,28.96200307,17.29147997,31.45921406,28.94786101,17.25288347,31.30538192,28.95817446,17.1672729,17.0068644,29.49684652,28.42550519,40.08120039,16.98778365,40.57676685,15.29319819,40.37437178,19.33631625,40.54944822,19.71329839,39.37195837,19.67340198,40.60357522,19.70927719,40.49006823,19.29153298,40.3232329,19.24138529,35.33453655,17.39458224,35.33679443,18.82011278,35.44117683,19.51733021,35.21857859,19.86700532,36.26406823,18.12838693,36.67235747,19.57054905,35.72710099,19.95443458,37.41110945,18.50971404,37.80525807,42.15981518,42.50897725,15.05117739,1
AAAAAA,AAAAAAX,F1234,1,7,6,xxxxxx_1_olm_1,2026-03-24 04:13:23.365460+00:00,13:22.3,hcp-02,2026/3/24 12:13,16,13,150.7614926,151.402658,153.0920138,153.0731475,154.9863623,154.8903464,154.094423,153.0788903,158.9036569,156.5305546,153.5462392,152.6373818,150.3342471,149.4972311,149.7981745,149.1882692,577.9303865,284.9974081,0.334426221,146.4981799,156.4004861,1.312636257,17.1068461,33.88990913,28.96621774,17.33366431,32.96593682,28.64880664,17.44660307,29.11970864,28.16092713,17.05442158,29.14243465,27.03603759,12.74180124,32.20429299,27.79442586,12.32132487,32.28720749,28.03612325,12.51383947,29.427135,28.43299539,12.65790537,32.34791144,28.07444725,16.74303827,31.09976204,27.26725464,16.69243991,31.2651823,27.25340208,17.79983039,32.84472109,28.52034987,17.97877488,31.17046392,27.02979162,17.21341608,31.84011266,28.07358105,17.27412215,29.65771879,28.96200307,17.29147997,31.45921406,28.94786101,17.25288347,31.30538192,28.95817446,17.1672729,17.0068644,29.49684652,28.42550519,40.08120039,16.98778365,40.57676685,15.29319819,40.37437178,19.33631625,40.54944822,19.71329839,39.37195837,19.67340198,40.60357522,19.70927719,40.49006823,19.29153298,40.3232329,19.24138529,35.33453655,17.39458224,35.33679443,18.82011278,35.44117683,19.51733021,35.21857859,19.86700532,36.26406823,18.12838693,36.67235747,19.57054905,35.72710099,19.95443458,37.41110945,18.50971404,37.80525807,42.15981518,42.50897725,15.05117739,1
AAAAAA,AAAAAAX,F1234,1,7,6,xxxxxx_1_olm_2,2026-03-24 04:13:29.109775+00:00,13:28.0,hcp-02,2026/3/24 12:13,17,13,150.7614926,151.402658,153.0920138,153.0731475,154.9863623,154.8903464,154.094423,153.0788903,158.9036569,156.5305546,153.5462392,152.6373818,150.3342471,149.4972311,149.7981745,149.1882692,577.9303865,284.9974081,0.277779085,146.2861718,155.7817209,1.312636257,17.1068461,33.88990913,28.96621774,17.33366431,32.96593682,28.64880664,17.44660307,29.11970864,28.16092713,17.05442158,29.14243465,27.03603759,12.74180124,32.20429299,27.79442586,12.32132487,32.28720749,28.03612325,12.51383947,29.427135,28.43299539,12.65790537,32.34791144,28.07444725,16.74303827,31.09976204,27.26725464,16.69243991,31.2651823,27.25340208,17.79983039,32.84472109,28.52034987,17.97877488,31.17046392,27.02979162,17.21341608,31.84011266,28.07358105,17.27412215,29.65771879,28.96200307,17.29147997,31.45921406,28.94786101,17.25288347,31.30538192,28.95817446,17.1672729,17.0068644,29.49684652,28.42550519,40.08120039,16.98778365,40.57676685,15.29319819,40.37437178,19.33631625,40.54944822,19.71329839,39.37195837,19.67340198,40.60357522,19.70927719,40.49006823,19.29153298,40.3232329,19.24138529,35.33453655,17.39458224,35.33679443,18.82011278,35.44117683,19.51733021,35.21857859,19.86700532,36.26406823,18.12838693,36.67235747,19.57054905,35.72710099,19.95443458,37.41110945,18.50971404,37.80525807,42.15981518,42.50897725,15.05117739,2
AAAAAA,AAAAAAX,F1234,1,7,6,xxxxxx_1_olm_3,2026-03-24 04:13:35.456805+00:00,13:34.5,hcp-02,2026/3/24 12:13,18,13,150.7614926,151.402658,153.0920138,153.0731475,154.9863623,154.8903464,154.094423,153.0788903,158.9036569,156.5305546,153.5462392,152.6373818,150.3342471,149.4972311,149.7981745,149.1882692,577.9303865,284.9974081,0.396615835,145.5094922,154.3782863,1.312636257,17.1068461,33.88990913,28.96621774,17.33366431,32.96593682,28.64880664,17.44660307,29.11970864,28.16092713,17.05442158,29.14243465,27.03603759,12.74180124,32.20429299,27.79442586,12.32132487,32.28720749,28.03612325,12.51383947,29.427135,28.43299539,12.65790537,32.34791144,28.07444725,16.74303827,31.09976204,27.26725464,16.69243991,31.2651823,27.25340208,17.79983039,32.84472109,28.52034987,17.97877488,31.17046392,27.02979162,17.21341608,31.84011266,28.07358105,17.27412215,29.65771879,28.96200307,17.29147997,31.45921406,28.94786101,17.25288347,31.30538192,28.95817446,17.1672729,17.0068644,29.49684652,28.42550519,40.08120039,16.98778365,40.57676685,15.29319819,40.37437178,19.33631625,40.54944822,19.71329839,39.37195837,19.67340198,40.60357522,19.70927719,40.49006823,19.29153298,40.3232329,19.24138529,35.33453655,17.39458224,35.33679443,18.82011278,35.44117683,19.51733021,35.21857859,19.86700532,36.26406823,18.12838693,36.67235747,19.57054905,35.72710099,19.95443458,37.41110945,18.50971404,37.80525807,42.15981518,42.50897725,15.05117739,6
AAAAAA,AAAAAAX,F1234,1,8,6,xxxxxx_1_olm_1,2026-03-24 04:13:41.161588+00:00,13:40.2,hcp-02,2026/3/24 12:13,16,15,150.7614926,151.402658,153.0920138,153.0731475,154.9863623,154.8903464,154.094423,153.0788903,158.9036569,156.5305546,153.5462392,152.6373818,150.3342471,149.4972311,149.7981745,149.1882692,577.9303865,284.9974081,0.005688968,146.1921364,156.605042,1.312636257,17.1068461,33.88990913,28.96621774,17.33366431,32.96593682,28.64880664,17.44660307,29.11970864,28.16092713,17.05442158,29.14243465,27.03603759,12.74180124,32.20429299,27.79442586,12.32132487,32.28720749,28.03612325,12.51383947,29.427135,28.43299539,12.65790537,32.34791144,28.07444725,16.74303827,31.09976204,27.26725464,16.69243991,31.2651823,27.25340208,17.79983039,32.84472109,28.52034987,17.97877488,31.17046392,27.02979162,17.21341608,31.84011266,28.07358105,17.27412215,29.65771879,28.96200307,17.29147997,31.45921406,28.94786101,17.25288347,31.30538192,28.95817446,17.1672729,17.0068644,29.49684652,28.42550519,40.08120039,16.98778365,40.57676685,15.29319819,40.37437178,19.33631625,40.54944822,19.71329839,39.37195837,19.67340198,40.60357522,19.70927719,40.49006823,19.29153298,40.3232329,19.24138529,35.33453655,17.39458224,35.33679443,18.82011278,35.44117683,19.51733021,35.21857859,19.86700532,36.26406823,18.12838693,36.67235747,19.57054905,35.72710099,19.95443458,37.41110945,18.50971404,37.80525807,42.15981518,42.50897725,15.05117739,2
AAAAAA,AAAAAAX,F1234,1,8,6,xxxxxx_1_olm_2,2026-03-24 04:13:47.085387+00:00,13:46.1,hcp-02,2026/3/24 12:13,17,15,150.7614926,151.402658,153.0920138,153.0731475,154.9863623,154.8903464,154.094423,153.0788903,158.9036569,156.5305546,153.5462392,152.6373818,150.3342471,149.4972311,149.7981745,149.1882692,577.9303865,284.9974081,0.686264826,147.2629356,156.9266175,1.312636257,17.1068461,33.88990913,28.96621774,17.33366431,32.96593682,28.64880664,17.44660307,29.11970864,28.16092713,17.05442158,29.14243465,27.03603759,12.74180124,32.20429299,27.79442586,12.32132487,32.28720749,28.03612325,12.51383947,29.427135,28.43299539,12.65790537,32.34791144,28.07444725,16.74303827,31.09976204,27.26725464,16.69243991,31.2651823,27.25340208,17.79983039,32.84472109,28.52034987,17.97877488,31.17046392,27.02979162,17.21341608,31.84011266,28.07358105,17.27412215,29.65771879,28.96200307,17.29147997,31.45921406,28.94786101,17.25288347,31.30538192,28.95817446,17.1672729,17.0068644,29.49684652,28.42550519,40.08120039,16.98778365,40.57676685,15.29319819,40.37437178,19.33631625,40.54944822,19.71329839,39.37195837,19.67340198,40.60357522,19.70927719,40.49006823,19.29153298,40.3232329,19.24138529,35.33453655,17.39458224,35.33679443,18.82011278,35.44117683,19.51733021,35.21857859,19.86700532,36.26406823,18.12838693,36.67235747,19.57054905,35.72710099,19.95443458,37.41110945,18.50971404,37.80525807,42.15981518,42.50897725,15.05117739,2
AAAAAA,AAAAAAX,F1234,1,3,7,xxxxxx_doe3_1,2026-03-24 04:13:54.079919+00:00,13:53.1,hcp-02,2026/3/24 12:13,19,6,150.7614926,151.402658,153.0920138,153.0731475,154.9863623,154.8903464,154.094423,153.0788903,158.9036569,156.5305546,153.5462392,152.6373818,150.3342471,149.4972311,149.7981745,149.1882692,577.9303865,284.9974081,0.357280053,145.5275829,155.0383963,1.312636257,17.1068461,33.88990913,28.96621774,17.33366431,32.96593682,28.64880664,17.44660307,29.11970864,28.16092713,17.05442158,29.14243465,27.03603759,12.74180124,32.20429299,27.79442586,12.32132487,32.28720749,28.03612325,12.51383947,29.427135,28.43299539,12.65790537,32.34791144,28.07444725,16.74303827,31.09976204,27.26725464,16.69243991,31.2651823,27.25340208,17.79983039,32.84472109,28.52034987,17.97877488,31.17046392,27.02979162,17.21341608,31.84011266,28.07358105,17.27412215,29.65771879,28.96200307,17.29147997,31.45921406,28.94786101,17.25288347,31.30538192,28.95817446,17.1672729,17.0068644,29.49684652,28.42550519,40.08120039,16.98778365,40.57676685,15.29319819,40.37437178,19.33631625,40.54944822,19.71329839,39.37195837,19.67340198,40.60357522,19.70927719,40.49006823,19.29153298,40.3232329,19.24138529,35.33453655,17.39458224,35.33679443,18.82011278,35.44117683,19.51733021,35.21857859,19.86700532,36.26406823,18.12838693,36.67235747,19.57054905,35.72710099,19.95443458,37.41110945,18.50971404,37.80525807,42.15981518,42.50897725,15.05117739,2
AAAAAA,AAAAAAX,F1234,1,4,7,xxxxxx_doe3_1,2026-03-24 04:14:00.485503+00:00,13:59.4,hcp-02,2026/3/24 12:14,19,8,150.7614926,151.402658,153.0920138,153.0731475,154.9863623,154.8903464,154.094423,153.0788903,158.9036569,156.5305546,153.5462392,152.6373818,150.3342471,149.4972311,149.7981745,149.1882692,577.9303865,284.9974081,0.121574039,144.2311895,154.1344329,1.312636257,17.1068461,33.88990913,28.96621774,17.33366431,32.96593682,28.64880664,17.44660307,29.11970864,28.16092713,17.05442158,29.14243465,27.03603759,12.74180124,32.20429299,27.79442586,12.32132487,32.28720749,28.03612325,12.51383947,29.427135,28.43299539,12.65790537,32.34791144,28.07444725,16.74303827,31.09976204,27.26725464,16.69243991,31.2651823,27.25340208,17.79983039,32.84472109,28.52034987,17.97877488,31.17046392,27.02979162,17.21341608,31.84011266,28.07358105,17.27412215,29.65771879,28.96200307,17.29147997,31.45921406,28.94786101,17.25288347,31.30538192,28.95817446,17.1672729,17.0068644,29.49684652,28.42550519,40.08120039,16.98778365,40.57676685,15.29319819,40.37437178,19.33631625,40.54944822,19.71329839,39.37195837,19.67340198,40.60357522,19.70927719,40.49006823,19.29153298,40.3232329,19.24138529,35.33453655,17.39458224,35.33679443,18.82011278,35.44117683,19.51733021,35.21857859,19.86700532,36.26406823,18.12838693,36.67235747,19.57054905,35.72710099,19.95443458,37.41110945,18.50971404,37.80525807,42.15981518,42.50897725,15.05117739,7
AAAAAA,AAAAAAX,F1234,1,4,7,xxxxxx_doe3_2,2026-03-24 04:14:06.377681+00:00,14:05.3,hcp-02,2026/3/24 12:14,20,8,150.7614926,151.402658,153.0920138,153.0731475,154.9863623,154.8903464,154.094423,153.0788903,158.9036569,156.5305546,153.5462392,152.6373818,150.3342471,149.4972311,149.7981745,149.1882692,577.9303865,284.9974081,0.733176209,144.9416815,154.2121057,1.312636257,17.1068461,33.88990913,28.96621774,17.33366431,32.96593682,28.64880664,17.44660307,29.11970864,28.16092713,17.05442158,29.14243465,27.03603759,12.74180124,32.20429299,27.79442586,12.32132487,32.28720749,28.03612325,12.51383947,29.427135,28.43299539,12.65790537,32.34791144,28.07444725,16.74303827,31.09976204,27.26725464,16.69243991,31.2651823,27.25340208,17.79983039,32.84472109,28.52034987,17.97877488,31.17046392,27.02979162,17.21341608,31.84011266,28.07358105,17.27412215,29.65771879,28.96200307,17.29147997,31.45921406,28.94786101,17.25288347,31.30538192,28.95817446,17.1672729,17.0068644,29.49684652,28.42550519,40.08120039,16.98778365,40.57676685,15.29319819,40.37437178,19.33631625,40.54944822,19.71329839,39.37195837,19.67340198,40.60357522,19.70927719,40.49006823,19.29153298,40.3232329,19.24138529,35.33453655,17.39458224,35.33679443,18.82011278,35.44117683,19.51733021,35.21857859,19.86700532,36.26406823,18.12838693,36.67235747,19.57054905,35.72710099,19.95443458,37.41110945,18.50971404,37.80525807,42.15981518,42.50897725,15.05117739,7
AAAAAA,AAAAAAX,F1234,1,4,7,xxxxxx_doe3_3,2026-03-24 04:14:13.490905+00:00,14:12.4,hcp-02,2026/3/24 12:14,21,8,150.7614926,151.402658,153.0920138,153.0731475,154.9863623,154.8903464,154.094423,153.0788903,158.9036569,156.5305546,153.5462392,152.6373818,150.3342471,149.4972311,149.7981745,149.1882692,577.9303865,284.9974081,0.323240912,144.8366866,153.166699,1.312636257,17.1068461,33.88990913,28.96621774,17.33366431,32.96593682,28.64880664,17.44660307,29.11970864,28.16092713,17.05442158,29.14243465,27.03603759,12.74180124,32.20429299,27.79442586,12.32132487,32.28720749,28.03612325,12.51383947,29.427135,28.43299539,12.65790537,32.34791144,28.07444725,16.74303827,31.09976204,27.26725464,16.69243991,31.2651823,27.25340208,17.79983039,32.84472109,28.52034987,17.97877488,31.17046392,27.02979162,17.21341608,31.84011266,28.07358105,17.27412215,29.65771879,28.96200307,17.29147997,31.45921406,28.94786101,17.25288347,31.30538192,28.95817446,17.1672729,17.0068644,29.49684652,28.42550519,40.08120039,16.98778365,40.57676685,15.29319819,40.37437178,19.33631625,40.54944822,19.71329839,39.37195837,19.67340198,40.60357522,19.70927719,40.49006823,19.29153298,40.3232329,19.24138529,35.33453655,17.39458224,35.33679443,18.82011278,35.44117683,19.51733021,35.21857859,19.86700532,36.26406823,18.12838693,36.67235747,19.57054905,35.72710099,19.95443458,37.41110945,18.50971404,37.80525807,42.15981518,42.50897725,15.05117739,1
AAAAAA,AAAAAAX,F1234,1,4,7,xxxxxx_1_olm_1,2026-03-24 04:14:20.978616+00:00,14:20.0,hcp-02,2026/3/24 12:14,19,7,150.7614926,151.402658,153.0920138,153.0731475,154.9863623,154.8903464,154.094423,153.0788903,158.9036569,156.5305546,153.5462392,152.6373818,150.3342471,149.4972311,149.7981745,149.1882692,577.9303865,284.9974081,0.080145836,145.7356011,154.7245531,1.312636257,17.1068461,33.88990913,28.96621774,17.33366431,32.96593682,28.64880664,17.44660307,29.11970864,28.16092713,17.05442158,29.14243465,27.03603759,12.74180124,32.20429299,27.79442586,12.32132487,32.28720749,28.03612325,12.51383947,29.427135,28.43299539,12.65790537,32.34791144,28.07444725,16.74303827,31.09976204,27.26725464,16.69243991,31.2651823,27.25340208,17.79983039,32.84472109,28.52034987,17.97877488,31.17046392,27.02979162,17.21341608,31.84011266,28.07358105,17.27412215,29.65771879,28.96200307,17.29147997,31.45921406,28.94786101,17.25288347,31.30538192,28.95817446,17.1672729,17.0068644,29.49684652,28.42550519,40.08120039,16.98778365,40.57676685,15.29319819,40.37437178,19.33631625,40.54944822,19.71329839,39.37195837,19.67340198,40.60357522,19.70927719,40.49006823,19.29153298,40.3232329,19.24138529,35.33453655,17.39458224,35.33679443,18.82011278,35.44117683,19.51733021,35.21857859,19.86700532,36.26406823,18.12838693,36.67235747,19.57054905,35.72710099,19.95443458,37.41110945,18.50971404,37.80525807,42.15981518,42.50897725,15.05117739,2
AAAAAA,AAAAAAX,F1234,1,4,7,xxxxxx_1_olm_2,2026-03-24 04:14:28.231673+00:00,14:27.1,hcp-02,2026/3/24 12:14,20,7,150.7614926,151.402658,153.0920138,153.0731475,154.9863623,154.8903464,154.094423,153.0788903,158.9036569,156.5305546,153.5462392,152.6373818,150.3342471,149.4972311,149.7981745,149.1882692,577.9303865,284.9974081,0.476413629,144.7804818,154.9461786,1.312636257,17.1068461,33.88990913,28.96621774,17.33366431,32.96593682,28.64880664,17.44660307,29.11970864,28.16092713,17.05442158,29.14243465,27.03603759,12.74180124,32.20429299,27.79442586,12.32132487,32.28720749,28.03612325,12.51383947,29.427135,28.43299539,12.65790537,32.34791144,28.07444725,16.74303827,31.09976204,27.26725464,16.69243991,31.2651823,27.25340208,17.79983039,32.84472109,28.52034987,17.97877488,31.17046392,27.02979162,17.21341608,31.84011266,28.07358105,17.27412215,29.65771879,28.96200307,17.29147997,31.45921406,28.94786101,17.25288347,31.30538192,28.95817446,17.1672729,17.0068644,29.49684652,28.42550519,40.08120039,16.98778365,40.57676685,15.29319819,40.37437178,19.33631625,40.54944822,19.71329839,39.37195837,19.67340198,40.60357522,19.70927719,40.49006823,19.29153298,40.3232329,19.24138529,35.33453655,17.39458224,35.33679443,18.82011278,35.44117683,19.51733021,35.21857859,19.86700532,36.26406823,18.12838693,36.67235747,19.57054905,35.72710099,19.95443458,37.41110945,18.50971404,37.80525807,42.15981518,42.50897725,15.05117739,7
AAAAAA,AAAAAAX,F1234,1,5,7,xxxxxx_doe3_1,2026-03-24 04:14:34.367052+00:00,14:33.3,hcp-02,2026/3/24 12:14,19,10,150.7614926,151.402658,153.0920138,153.0731475,154.9863623,154.8903464,154.094423,153.0788903,158.9036569,156.5305546,153.5462392,152.6373818,150.3342471,149.4972311,149.7981745,149.1882692,577.9303865,284.9974081,0.770852731,145.8855253,154.8716056,1.312636257,17.1068461,33.88990913,28.96621774,17.33366431,32.96593682,28.64880664,17.44660307,29.11970864,28.16092713,17.05442158,29.14243465,27.03603759,12.74180124,32.20429299,27.79442586,12.32132487,32.28720749,28.03612325,12.51383947,29.427135,28.43299539,12.65790537,32.34791144,28.07444725,16.74303827,31.09976204,27.26725464,16.69243991,31.2651823,27.25340208,17.79983039,32.84472109,28.52034987,17.97877488,31.17046392,27.02979162,17.21341608,31.84011266,28.07358105,17.27412215,29.65771879,28.96200307,17.29147997,31.45921406,28.94786101,17.25288347,31.30538192,28.95817446,17.1672729,17.0068644,29.49684652,28.42550519,40.08120039,16.98778365,40.57676685,15.29319819,40.37437178,19.33631625,40.54944822,19.71329839,39.37195837,19.67340198,40.60357522,19.70927719,40.49006823,19.29153298,40.3232329,19.24138529,35.33453655,17.39458224,35.33679443,18.82011278,35.44117683,19.51733021,35.21857859,19.86700532,36.26406823,18.12838693,36.67235747,19.57054905,35.72710099,19.95443458,37.41110945,18.50971404,37.80525807,42.15981518,42.50897725,15.05117739,2
AAAAAA,AAAAAAX,F1234,1,5,7,xxxxxx_doe3_2,2026-03-24 04:14:40.970631+00:00,14:39.8,hcp-02,2026/3/24 12:14,20,10,150.7614926,151.402658,153.0920138,153.0731475,154.9863623,154.8903464,154.094423,153.0788903,158.9036569,156.5305546,153.5462392,152.6373818,150.3342471,149.4972311,149.7981745,149.1882692,577.9303865,284.9974081,0.586154487,145.0562338,154.9120844,1.312636257,17.1068461,33.88990913,28.96621774,17.33366431,32.96593682,28.64880664,17.44660307,29.11970864,28.16092713,17.05442158,29.14243465,27.03603759,12.74180124,32.20429299,27.79442586,12.32132487,32.28720749,28.03612325,12.51383947,29.427135,28.43299539,12.65790537,32.34791144,28.07444725,16.74303827,31.09976204,27.26725464,16.69243991,31.2651823,27.25340208,17.79983039,32.84472109,28.52034987,17.97877488,31.17046392,27.02979162,17.21341608,31.84011266,28.07358105,17.27412215,29.65771879,28.96200307,17.29147997,31.45921406,28.94786101,17.25288347,31.30538192,28.95817446,17.1672729,17.0068644,29.49684652,28.42550519,40.08120039,16.98778365,40.57676685,15.29319819,40.37437178,19.33631625,40.54944822,19.71329839,39.37195837,19.67340198,40.60357522,19.70927719,40.49006823,19.29153298,40.3232329,19.24138529,35.33453655,17.39458224,35.33679443,18.82011278,35.44117683,19.51733021,35.21857859,19.86700532,36.26406823,18.12838693,36.67235747,19.57054905,35.72710099,19.95443458,37.41110945,18.50971404,37.80525807,42.15981518,42.50897725,15.05117739,7
AAAAAA,AAAAAAX,F1234,1,5,7,xxxxxx_doe3_3,2026-03-24 04:14:47.413354+00:00,14:46.4,hcp-02,2026/3/24 12:14,21,10,150.7614926,151.402658,153.0920138,153.0731475,154.9863623,154.8903464,154.094423,153.0788903,158.9036569,156.5305546,153.5462392,152.6373818,150.3342471,149.4972311,149.7981745,149.1882692,577.9303865,284.9974081,0.626734814,145.9936324,153.9049905,1.312636257,17.1068461,33.88990913,28.96621774,17.33366431,32.96593682,28.64880664,17.44660307,29.11970864,28.16092713,17.05442158,29.14243465,27.03603759,12.74180124,32.20429299,27.79442586,12.32132487,32.28720749,28.03612325,12.51383947,29.427135,28.43299539,12.65790537,32.34791144,28.07444725,16.74303827,31.09976204,27.26725464,16.69243991,31.2651823,27.25340208,17.79983039,32.84472109,28.52034987,17.97877488,31.17046392,27.02979162,17.21341608,31.84011266,28.07358105,17.27412215,29.65771879,28.96200307,17.29147997,31.45921406,28.94786101,17.25288347,31.30538192,28.95817446,17.1672729,17.0068644,29.49684652,28.42550519,40.08120039,16.98778365,40.57676685,15.29319819,40.37437178,19.33631625,40.54944822,19.71329839,39.37195837,19.67340198,40.60357522,19.70927719,40.49006823,19.29153298,40.3232329,19.24138529,35.33453655,17.39458224,35.33679443,18.82011278,35.44117683,19.51733021,35.21857859,19.86700532,36.26406823,18.12838693,36.67235747,19.57054905,35.72710099,19.95443458,37.41110945,18.50971404,37.80525807,42.15981518,42.50897725,15.05117739,2
AAAAAA,AAAAAAX,F1234,1,5,7,xxxxxx_1_olm_1,2026-03-24 04:14:53.293749+00:00,14:52.3,hcp-02,2026/3/24 12:14,19,9,150.7614926,151.402658,153.0920138,153.0731475,154.9863623,154.8903464,154.094423,153.0788903,158.9036569,156.5305546,153.5462392,152.6373818,150.3342471,149.4972311,149.7981745,149.1882692,577.9303865,284.9974081,0.52106785,145.4328976,154.3235532,1.312636257,17.1068461,33.88990913,28.96621774,17.33366431,32.96593682,28.64880664,17.44660307,29.11970864,28.16092713,17.05442158,29.14243465,27.03603759,12.74180124,32.20429299,27.79442586,12.32132487,32.28720749,28.03612325,12.51383947,29.427135,28.43299539,12.65790537,32.34791144,28.07444725,16.74303827,31.09976204,27.26725464,16.69243991,31.2651823,27.25340208,17.79983039,32.84472109,28.52034987,17.97877488,31.17046392,27.02979162,17.21341608,31.84011266,28.07358105,17.27412215,29.65771879,28.96200307,17.29147997,31.45921406,28.94786101,17.25288347,31.30538192,28.95817446,17.1672729,17.0068644,29.49684652,28.42550519,40.08120039,16.98778365,40.57676685,15.29319819,40.37437178,19.33631625,40.54944822,19.71329839,39.37195837,19.67340198,40.60357522,19.70927719,40.49006823,19.29153298,40.3232329,19.24138529,35.33453655,17.39458224,35.33679443,18.82011278,35.44117683,19.51733021,35.21857859,19.86700532,36.26406823,18.12838693,36.67235747,19.57054905,35.72710099,19.95443458,37.41110945,18.50971404,37.80525807,42.15981518,42.50897725,15.05117739,2
AAAAAA,AAAAAAX,F1234,1,5,7,xxxxxx_1_olm_2,2026-03-24 04:14:59.936875+00:00,14:58.9,hcp-02,2026/3/24 12:15,20,9,150.7614926,151.402658,153.0920138,153.0731475,154.9863623,154.8903464,154.094423,153.0788903,158.9036569,156.5305546,153.5462392,152.6373818,150.3342471,149.4972311,149.7981745,149.1882692,577.9303865,284.9974081,0.792375198,145.627288,154.0080615,1.312636257,17.1068461,33.88990913,28.96621774,17.33366431,32.96593682,28.64880664,17.44660307,29.11970864,28.16092713,17.05442158,29.14243465,27.03603759,12.74180124,32.20429299,27.79442586,12.32132487,32.28720749,28.03612325,12.51383947,29.427135,28.43299539,12.65790537,32.34791144,28.07444725,16.74303827,31.09976204,27.26725464,16.69243991,31.2651823,27.25340208,17.79983039,32.84472109,28.52034987,17.97877488,31.17046392,27.02979162,17.21341608,31.84011266,28.07358105,17.27412215,29.65771879,28.96200307,17.29147997,31.45921406,28.94786101,17.25288347,31.30538192,28.95817446,17.1672729,17.0068644,29.49684652,28.42550519,40.08120039,16.98778365,40.57676685,15.29319819,40.37437178,19.33631625,40.54944822,19.71329839,39.37195837,19.67340198,40.60357522,19.70927719,40.49006823,19.29153298,40.3232329,19.24138529,35.33453655,17.39458224,35.33679443,18.82011278,35.44117683,19.51733021,35.21857859,19.86700532,36.26406823,18.12838693,36.67235747,19.57054905,35.72710099,19.95443458,37.41110945,18.50971404,37.80525807,42.15981518,42.50897725,15.05117739,2
AAAAAA,AAAAAAX,F1234,1,5,7,xxxxxx_1_olm_3,2026-03-24 04:15:06.396427+00:00,15:05.3,hcp-02,2026/3/24 12:15,21,9,150.7614926,151.402658,153.0920138,153.0731475,154.9863623,154.8903464,154.094423,153.0788903,158.9036569,156.5305546,153.5462392,152.6373818,150.3342471,149.4972311,149.7981745,149.1882692,577.9303865,284.9974081,0.025054511,144.0418525,153.0318668,1.312636257,17.1068461,33.88990913,28.96621774,17.33366431,32.96593682,28.64880664,17.44660307,29.11970864,28.16092713,17.05442158,29.14243465,27.03603759,12.74180124,32.20429299,27.79442586,12.32132487,32.28720749,28.03612325,12.51383947,29.427135,28.43299539,12.65790537,32.34791144,28.07444725,16.74303827,31.09976204,27.26725464,16.69243991,31.2651823,27.25340208,17.79983039,32.84472109,28.52034987,17.97877488,31.17046392,27.02979162,17.21341608,31.84011266,28.07358105,17.27412215,29.65771879,28.96200307,17.29147997,31.45921406,28.94786101,17.25288347,31.30538192,28.95817446,17.1672729,17.0068644,29.49684652,28.42550519,40.08120039,16.98778365,40.57676685,15.29319819,40.37437178,19.33631625,40.54944822,19.71329839,39.37195837,19.67340198,40.60357522,19.70927719,40.49006823,19.29153298,40.3232329,19.24138529,35.33453655,17.39458224,35.33679443,18.82011278,35.44117683,19.51733021,35.21857859,19.86700532,36.26406823,18.12838693,36.67235747,19.57054905,35.72710099,19.95443458,37.41110945,18.50971404,37.80525807,42.15981518,42.50897725,15.05117739,7
AAAAAA,AAAAAAX,F1234,1,6,7,xxxxxx_doe3_1,2026-03-24 04:15:13.213878+00:00,15:12.2,hcp-02,2026/3/24 12:15,19,12,150.7614926,151.402658,153.0920138,153.0731475,154.9863623,154.8903464,154.094423,153.0788903,158.9036569,156.5305546,153.5462392,152.6373818,150.3342471,149.4972311,149.7981745,149.1882692,577.9303865,284.9974081,0.02375148,145.8677515,155.2530237,1.312636257,17.1068461,33.88990913,28.96621774,17.33366431,32.96593682,28.64880664,17.44660307,29.11970864,28.16092713,17.05442158,29.14243465,27.03603759,12.74180124,32.20429299,27.79442586,12.32132487,32.28720749,28.03612325,12.51383947,29.427135,28.43299539,12.65790537,32.34791144,28.07444725,16.74303827,31.09976204,27.26725464,16.69243991,31.2651823,27.25340208,17.79983039,32.84472109,28.52034987,17.97877488,31.17046392,27.02979162,17.21341608,31.84011266,28.07358105,17.27412215,29.65771879,28.96200307,17.29147997,31.45921406,28.94786101,17.25288347,31.30538192,28.95817446,17.1672729,17.0068644,29.49684652,28.42550519,40.08120039,16.98778365,40.57676685,15.29319819,40.37437178,19.33631625,40.54944822,19.71329839,39.37195837,19.67340198,40.60357522,19.70927719,40.49006823,19.29153298,40.3232329,19.24138529,35.33453655,17.39458224,35.33679443,18.82011278,35.44117683,19.51733021,35.21857859,19.86700532,36.26406823,18.12838693,36.67235747,19.57054905,35.72710099,19.95443458,37.41110945,18.50971404,37.80525807,42.15981518,42.50897725,15.05117739,2
AAAAAA,AAAAAAX,F1234,1,6,7,xxxxxx_doe3_2,2026-03-24 04:15:19.631513+00:00,15:18.5,hcp-02,2026/3/24 12:15,20,12,150.7614926,151.402658,153.0920138,153.0731475,154.9863623,154.8903464,154.094423,153.0788903,158.9036569,156.5305546,153.5462392,152.6373818,150.3342471,149.4972311,149.7981745,149.1882692,577.9303865,284.9974081,0.593085323,145.3880378,154.4703509,1.312636257,17.1068461,33.88990913,28.96621774,17.33366431,32.96593682,28.64880664,17.44660307,29.11970864,28.16092713,17.05442158,29.14243465,27.03603759,12.74180124,32.20429299,27.79442586,12.32132487,32.28720749,28.03612325,12.51383947,29.427135,28.43299539,12.65790537,32.34791144,28.07444725,16.74303827,31.09976204,27.26725464,16.69243991,31.2651823,27.25340208,17.79983039,32.84472109,28.52034987,17.97877488,31.17046392,27.02979162,17.21341608,31.84011266,28.07358105,17.27412215,29.65771879,28.96200307,17.29147997,31.45921406,28.94786101,17.25288347,31.30538192,28.95817446,17.1672729,17.0068644,29.49684652,28.42550519,40.08120039,16.98778365,40.57676685,15.29319819,40.37437178,19.33631625,40.54944822,19.71329839,39.37195837,19.67340198,40.60357522,19.70927719,40.49006823,19.29153298,40.3232329,19.24138529,35.33453655,17.39458224,35.33679443,18.82011278,35.44117683,19.51733021,35.21857859,19.86700532,36.26406823,18.12838693,36.67235747,19.57054905,35.72710099,19.95443458,37.41110945,18.50971404,37.80525807,42.15981518,42.50897725,15.05117739,7
AAAAAA,AAAAAAX,F1234,1,6,7,xxxxxx_1_olm_1,2026-03-24 04:15:25.729123+00:00,15:24.7,hcp-02,2026/3/24 12:15,19,11,150.7614926,151.402658,153.0920138,153.0731475,154.9863623,154.8903464,154.094423,153.0788903,158.9036569,156.5305546,153.5462392,152.6373818,150.3342471,149.4972311,149.7981745,149.1882692,577.9303865,284.9974081,0.838832235,145.0694696,154.441653,1.312636257,17.1068461,33.88990913,28.96621774,17.33366431,32.96593682,28.64880664,17.44660307,29.11970864,28.16092713,17.05442158,29.14243465,27.03603759,12.74180124,32.20429299,27.79442586,12.32132487,32.28720749,28.03612325,12.51383947,29.427135,28.43299539,12.65790537,32.34791144,28.07444725,16.74303827,31.09976204,27.26725464,16.69243991,31.2651823,27.25340208,17.79983039,32.84472109,28.52034987,17.97877488,31.17046392,27.02979162,17.21341608,31.84011266,28.07358105,17.27412215,29.65771879,28.96200307,17.29147997,31.45921406,28.94786101,17.25288347,31.30538192,28.95817446,17.1672729,17.0068644,29.49684652,28.42550519,40.08120039,16.98778365,40.57676685,15.29319819,40.37437178,19.33631625,40.54944822,19.71329839,39.37195837,19.67340198,40.60357522,19.70927719,40.49006823,19.29153298,40.3232329,19.24138529,35.33453655,17.39458224,35.33679443,18.82011278,35.44117683,19.51733021,35.21857859,19.86700532,36.26406823,18.12838693,36.67235747,19.57054905,35.72710099,19.95443458,37.41110945,18.50971404,37.80525807,42.15981518,42.50897725,15.05117739,1
AAAAAA,AAAAAAX,F1234,1,6,7,xxxxxx_1_olm_2,2026-03-24 04:15:32.384866+00:00,15:31.3,hcp-02,2026/3/24 12:15,20,11,150.7614926,151.402658,153.0920138,153.0731475,154.9863623,154.8903464,154.094423,153.0788903,158.9036569,156.5305546,153.5462392,152.6373818,150.3342471,149.4972311,149.7981745,149.1882692,577.9303865,284.9974081,0.535038182,145.5844864,154.4259008,1.312636257,17.1068461,33.88990913,28.96621774,17.33366431,32.96593682,28.64880664,17.44660307,29.11970864,28.16092713,17.05442158,29.14243465,27.03603759,12.74180124,32.20429299,27.79442586,12.32132487,32.28720749,28.03612325,12.51383947,29.427135,28.43299539,12.65790537,32.34791144,28.07444725,16.74303827,31.09976204,27.26725464,16.69243991,31.2651823,27.25340208,17.79983039,32.84472109,28.52034987,17.97877488,31.17046392,27.02979162,17.21341608,31.84011266,28.07358105,17.27412215,29.65771879,28.96200307,17.29147997,31.45921406,28.94786101,17.25288347,31.30538192,28.95817446,17.1672729,17.0068644,29.49684652,28.42550519,40.08120039,16.98778365,40.57676685,15.29319819,40.37437178,19.33631625,40.54944822,19.71329839,39.37195837,19.67340198,40.60357522,19.70927719,40.49006823,19.29153298,40.3232329,19.24138529,35.33453655,17.39458224,35.33679443,18.82011278,35.44117683,19.51733021,35.21857859,19.86700532,36.26406823,18.12838693,36.67235747,19.57054905,35.72710099,19.95443458,37.41110945,18.50971404,37.80525807,42.15981518,42.50897725,15.05117739,7
AAAAAA,AAAAAAX,F1234,1,6,7,xxxxxx_1_olm_3,2026-03-24 04:15:37.755877+00:00,15:36.7,hcp-02,2026/3/24 12:15,21,11,150.7614926,151.402658,153.0920138,153.0731475,154.9863623,154.8903464,154.094423,153.0788903,158.9036569,156.5305546,153.5462392,152.6373818,150.3342471,149.4972311,149.7981745,149.1882692,577.9303865,284.9974081,0.366529309,144.0782154,153.722224,1.312636257,17.1068461,33.88990913,28.96621774,17.33366431,32.96593682,28.64880664,17.44660307,29.11970864,28.16092713,17.05442158,29.14243465,27.03603759,12.74180124,32.20429299,27.79442586,12.32132487,32.28720749,28.03612325,12.51383947,29.427135,28.43299539,12.65790537,32.34791144,28.07444725,16.74303827,31.09976204,27.26725464,16.69243991,31.2651823,27.25340208,17.79983039,32.84472109,28.52034987,17.97877488,31.17046392,27.02979162,17.21341608,31.84011266,28.07358105,17.27412215,29.65771879,28.96200307,17.29147997,31.45921406,28.94786101,17.25288347,31.30538192,28.95817446,17.1672729,17.0068644,29.49684652,28.42550519,40.08120039,16.98778365,40.57676685,15.29319819,40.37437178,19.33631625,40.54944822,19.71329839,39.37195837,19.67340198,40.60357522,19.70927719,40.49006823,19.29153298,40.3232329,19.24138529,35.33453655,17.39458224,35.33679443,18.82011278,35.44117683,19.51733021,35.21857859,19.86700532,36.26406823,18.12838693,36.67235747,19.57054905,35.72710099,19.95443458,37.41110945,18.50971404,37.80525807,42.15981518,42.50897725,15.05117739,1